model,manufacturer,length_m,width_m,height_m,area_m2,cooling_capacity_stated_kw,cooling_capacity_central_estimate_kw,source,link,spot_check,notes,fan_diameter_m,number_of_fans,fan_estimate_diameter_m,type,motor_horsepower
XES3E-1020-07G,BAC,6.12,3.0,3.71,18.35,1001.0,1001.0,Product Catalog,https://www.calameo.com/read/0073621279a1d0c9ca0e2?authid=Ms66hE7oFhAO,,,,1.0,2.85,,3.0
XES15E-1212-09GC,BAC,4.34,3.66,4.24,15.89,1005.0,1005.0,,https://www.calameo.com/read/007362127e29aeca4d414?authid=Vtd8DMG7ouV6,,,,1.0,3.477,,
XES3E-8518-06H,BAC,5.51,2.59,3.4,14.28,1010.0,1010.0,Product Catalog,https://www.calameo.com/read/0073621279a1d0c9ca0e2?authid=Ms66hE7oFhAO,,,,1.0,2.4605,,5.0
XES15E-1212-11FN,BAC,5.16,3.66,5.05,18.86,1014.0,1014.0,,https://www.calameo.com/read/007362127e29aeca4d414?authid=Vtd8DMG7ouV6,,,,1.0,3.477,,
XES3E-8518-05J,BAC,5.51,2.59,3.0,14.28,1023.0,1023.0,Product Catalog,https://www.calameo.com/read/0073621279a1d0c9ca0e2?authid=Ms66hE7oFhAO,,,,1.0,2.4605,,7.5
XES15E-1285-10KN,BAC,4.78,2.59,4.78,12.37,1023.0,1023.0,,https://www.calameo.com/read/007362127e29aeca4d414?authid=Vtd8DMG7ouV6,,,,1.0,2.4605,,
S15E-1285-07MN,BAC,3.45,2.59,3.38,8.95,1036.0,1036.0,,https://www.calameo.com/read/007362127e29aeca4d414?authid=Vtd8DMG7ouV6,,,,1.0,2.4605,,
XES15E-1212-12FN,BAC,5.56,3.66,5.46,20.35,1049.0,1049.0,,https://www.calameo.com/read/007362127e29aeca4d414?authid=Vtd8DMG7ouV6,,,,1.0,3.477,,
XES15E-1212-10GC,BAC,4.75,3.66,4.65,17.37,1058.0,1058.0,,https://www.calameo.com/read/007362127e29aeca4d414?authid=Vtd8DMG7ouV6,,,,1.0,3.477,,
XES15E-1212-09GN,BAC,4.34,3.66,4.24,15.89,1067.0,1067.0,,https://www.calameo.com/read/007362127e29aeca4d414?authid=Vtd8DMG7ouV6,,,,1.0,3.477,,
XES3E-1020-06H,BAC,6.12,3.0,3.3,18.35,1071.0,1071.0,Product Catalog,https://www.calameo.com/read/0073621279a1d0c9ca0e2?authid=Ms66hE7oFhAO,,,,1.0,2.85,,5.0
XES15E-1212-07HN,BAC,3.45,3.66,3.38,12.63,1084.0,1084.0,,https://www.calameo.com/read/007362127e29aeca4d414?authid=Vtd8DMG7ouV6,,,,1.0,3.2775,,
XES15E-1212-11GC,BAC,5.16,3.66,5.05,18.86,1089.0,1089.0,,https://www.calameo.com/read/007362127e29aeca4d414?authid=Vtd8DMG7ouV6,,,,1.0,3.477,,
XES15E-1218-07EN,BAC,3.61,5.49,3.61,19.79,1106.0,1106.0,,https://www.calameo.com/read/007362127e29aeca4d414?authid=Vtd8DMG7ouV6,,,,1.0,3.4294999999999995,,
S15E-1285-09LN,BAC,4.37,2.59,4.37,11.32,1111.0,1111.0,,https://www.calameo.com/read/007362127e29aeca4d414?authid=Vtd8DMG7ouV6,,,,1.0,2.4605,,
XES15E-1212-10GN,BAC,4.75,3.66,4.65,17.37,1119.0,1119.0,,https://www.calameo.com/read/007362127e29aeca4d414?authid=Vtd8DMG7ouV6,,,,1.0,3.477,,
XES3E-8518-07H,BAC,5.51,2.59,3.81,14.28,1124.0,1124.0,Product Catalog,https://www.calameo.com/read/0073621279a1d0c9ca0e2?authid=Ms66hE7oFhAO,,,,1.0,2.4605,,5.0
XES3E-8518-05K,BAC,5.51,2.59,3.0,14.28,1124.0,1124.0,Product Catalog,https://www.calameo.com/read/0073621279a1d0c9ca0e2?authid=Ms66hE7oFhAO,,,,1.0,2.4605,,10.0
XES15E-1212-12GC,BAC,5.56,3.66,5.46,20.35,1128.0,1128.0,,https://www.calameo.com/read/007362127e29aeca4d414?authid=Vtd8DMG7ouV6,,,,1.0,3.477,,
XES3E-8518-06J,BAC,5.51,2.59,3.4,14.28,1150.0,1150.0,Product Catalog,https://www.calameo.com/read/0073621279a1d0c9ca0e2?authid=Ms66hE7oFhAO,,,,1.0,2.4605,,7.5
XES15E-1212-11GN,BAC,5.16,3.66,5.05,18.86,1155.0,1155.0,,https://www.calameo.com/read/007362127e29aeca4d414?authid=Vtd8DMG7ouV6,,,,1.0,3.477,,
XES15E-1212-09HC,BAC,4.34,3.66,4.24,15.89,1155.0,1155.0,,https://www.calameo.com/read/007362127e29aeca4d414?authid=Vtd8DMG7ouV6,,,,1.0,3.477,,
S15E-1285-10LN,BAC,4.78,2.59,4.78,12.37,1159.0,1159.0,,https://www.calameo.com/read/007362127e29aeca4d414?authid=Vtd8DMG7ouV6,,,,1.0,2.4605,,
XES3E-1020-07H,BAC,6.12,3.0,3.71,18.35,1190.0,1190.0,Product Catalog,https://www.calameo.com/read/0073621279a1d0c9ca0e2?authid=Ms66hE7oFhAO,,,,1.0,2.85,,5.0
XES15E-1212-12GN,BAC,5.56,3.66,5.46,20.35,1194.0,1194.0,,https://www.calameo.com/read/007362127e29aeca4d414?authid=Vtd8DMG7ouV6,,,,1.0,3.477,,
S15E-1285-09MN,BAC,4.37,2.59,4.37,11.32,1212.0,1212.0,,https://www.calameo.com/read/007362127e29aeca4d414?authid=Vtd8DMG7ouV6,,,,1.0,2.4605,,
XES15E-1212-10HC,BAC,4.75,3.66,4.65,17.37,1212.0,1212.0,,https://www.calameo.com/read/007362127e29aeca4d414?authid=Vtd8DMG7ouV6,,,,1.0,3.477,,
XES15E-1218-07FN,BAC,3.61,5.49,3.61,19.79,1216.0,1216.0,,https://www.calameo.com/read/007362127e29aeca4d414?authid=Vtd8DMG7ouV6,,,,1.0,3.4294999999999995,,
XES3E-1020-06J,BAC,6.12,3.0,3.3,18.35,1225.0,1225.0,Product Catalog,https://www.calameo.com/read/0073621279a1d0c9ca0e2?authid=Ms66hE7oFhAO,,,,1.0,2.85,,7.5
XES3E-1222-06H,BAC,6.58,3.61,3.33,23.73,1225.0,1225.0,Product Catalog,https://www.calameo.com/read/0073621279a1d0c9ca0e2?authid=Ms66hE7oFhAO,,,,1.0,3.4294999999999995,,5.0
S15E-1212-07JN,BAC,3.45,3.66,3.38,12.63,1238.0,1238.0,,https://www.calameo.com/read/007362127e29aeca4d414?authid=Vtd8DMG7ouV6,,,,1.0,3.2775,,
XES15E-1212-11HC,BAC,5.16,3.66,5.05,18.86,1251.0,1251.0,,https://www.calameo.com/read/007362127e29aeca4d414?authid=Vtd8DMG7ouV6,,,,1.0,3.477,,
XES15E-1212-09HN,BAC,4.34,3.66,4.24,15.89,1260.0,1260.0,,https://www.calameo.com/read/007362127e29aeca4d414?authid=Vtd8DMG7ouV6,,,,1.0,3.477,,
XES3E-8518-06K,BAC,5.51,2.59,3.4,14.28,1264.0,1264.0,Product Catalog,https://www.calameo.com/read/0073621279a1d0c9ca0e2?authid=Ms66hE7oFhAO,,,,1.0,2.4605,,10.0
S15E-1285-10MN,BAC,4.78,2.59,4.78,12.37,1269.0,1269.0,,https://www.calameo.com/read/007362127e29aeca4d414?authid=Vtd8DMG7ouV6,,,,1.0,2.4605,,
XES15E-1218-09EN,BAC,4.5,5.49,4.47,24.67,1277.0,1277.0,,https://www.calameo.com/read/007362127e29aeca4d414?authid=Vtd8DMG7ouV6,,,,1.0,4.275,,
XES3E-8518-07J,BAC,5.51,2.59,3.81,14.28,1282.0,1282.0,Product Catalog,https://www.calameo.com/read/0073621279a1d0c9ca0e2?authid=Ms66hE7oFhAO,,,,1.0,2.4605,,7.5
S3E-8518-05L,BAC,5.51,2.59,3.0,14.28,1286.0,1286.0,Product Catalog,https://www.calameo.com/read/0073621279a1d0c9ca0e2?authid=Ms66hE7oFhAO,,,,1.0,2.4605,,15.0
XES15E-1212-12HC,BAC,5.56,3.66,5.46,20.35,1295.0,1295.0,,https://www.calameo.com/read/007362127e29aeca4d414?authid=Vtd8DMG7ouV6,,,,1.0,3.477,,
XES15E-1212-10HN,BAC,4.75,3.66,4.65,17.37,1326.0,1326.0,,https://www.calameo.com/read/007362127e29aeca4d414?authid=Vtd8DMG7ouV6,,,,1.0,3.477,,
XES15E-1218-10EN,BAC,4.9,5.49,4.88,26.9,1339.0,1339.0,,https://www.calameo.com/read/007362127e29aeca4d414?authid=Vtd8DMG7ouV6,,,,1.0,4.655,,
XES3E-1020-06K,BAC,6.12,3.0,3.3,18.35,1348.0,1348.0,Product Catalog,https://www.calameo.com/read/0073621279a1d0c9ca0e2?authid=Ms66hE7oFhAO,,,,1.0,2.85,,10.0
S15E-1212-07KN,BAC,3.45,3.66,3.38,12.63,1357.0,1357.0,,https://www.calameo.com/read/007362127e29aeca4d414?authid=Vtd8DMG7ouV6,,,,1.0,3.2775,,
S15E-1285-10NN,BAC,4.78,2.59,4.78,12.37,1361.0,1361.0,,https://www.calameo.com/read/007362127e29aeca4d414?authid=Vtd8DMG7ouV6,,,,1.0,2.4605,,
XES3E-1020-07J,BAC,6.12,3.0,3.71,18.35,1361.0,1361.0,Product Catalog,https://www.calameo.com/read/0073621279a1d0c9ca0e2?authid=Ms66hE7oFhAO,,,,1.0,2.85,,7.5
XES15E-1212-11HN,BAC,5.16,3.66,5.05,18.86,1365.0,1365.0,,https://www.calameo.com/read/007362127e29aeca4d414?authid=Vtd8DMG7ouV6,,,,1.0,3.477,,
S15E-1285-06JN-2,BAC,3.05,5.23,2.97,15.95,1387.0,1387.0,,https://www.calameo.com/read/007362127e29aeca4d414?authid=Vtd8DMG7ouV6,,,,2.0,2.8974999999999995,,
XES15E-1218-11EN,BAC,5.31,5.49,5.28,29.13,1396.0,1396.0,,https://www.calameo.com/read/007362127e29aeca4d414?authid=Vtd8DMG7ouV6,,,,1.0,5.044499999999999,,
XES15E-1218-07GN,BAC,3.61,5.49,3.61,19.79,1396.0,1396.0,,https://www.calameo.com/read/007362127e29aeca4d414?authid=Vtd8DMG7ouV6,,,,1.0,3.4294999999999995,,
XES3E-1222-06J,BAC,6.58,3.61,3.33,23.73,1396.0,1396.0,Product Catalog,https://www.calameo.com/read/0073621279a1d0c9ca0e2?authid=Ms66hE7oFhAO,,,,1.0,3.4294999999999995,,7.5
XES15E-1218-09FN,BAC,4.5,5.49,4.47,24.67,1400.0,1400.0,,https://www.calameo.com/read/007362127e29aeca4d414?authid=Vtd8DMG7ouV6,,,,1.0,4.275,,
XES3E-8518-07K,BAC,5.51,2.59,3.81,14.28,1405.0,1405.0,Product Catalog,https://www.calameo.com/read/0073621279a1d0c9ca0e2?authid=Ms66hE7oFhAO,,,,1.0,2.4605,,10.0
S3E-8518-05M,BAC,5.51,2.59,3.0,14.28,1414.0,1414.0,Product Catalog,https://www.calameo.com/read/0073621279a1d0c9ca0e2?authid=Ms66hE7oFhAO,,,,1.0,2.4605,,20.0
XES15E-1212-12HN,BAC,5.56,3.66,5.46,20.35,1418.0,1418.0,,https://www.calameo.com/read/007362127e29aeca4d414?authid=Vtd8DMG7ouV6,,,,1.0,3.477,,
S15E-1212-09JN,BAC,4.34,3.66,4.24,15.89,1440.0,1440.0,,https://www.calameo.com/read/007362127e29aeca4d414?authid=Vtd8DMG7ouV6,,,,1.0,3.477,,
S3E-8518-06L,BAC,5.51,2.59,3.4,14.28,1444.0,1444.0,Product Catalog,https://www.calameo.com/read/0073621279a1d0c9ca0e2?authid=Ms66hE7oFhAO,,,,1.0,2.4605,,15.0
XES15E-1218-12EN,BAC,5.72,5.49,5.69,31.35,1444.0,1444.0,,https://www.calameo.com/read/007362127e29aeca4d414?authid=Vtd8DMG7ouV6,,,,1.0,5.2155,,
S15E-1212-07LC,BAC,3.45,3.66,3.38,12.63,1457.0,1457.0,,https://www.calameo.com/read/007362127e29aeca4d414?authid=Vtd8DMG7ouV6,,,,1.0,3.2775,,
XES15E-1218-10FN,BAC,4.9,5.49,4.88,26.9,1471.0,1471.0,,https://www.calameo.com/read/007362127e29aeca4d414?authid=Vtd8DMG7ouV6,,,,1.0,4.655,,
XES3E-1020-07K,BAC,6.12,3.0,3.71,18.35,1493.0,1493.0,Product Catalog,https://www.calameo.com/read/0073621279a1d0c9ca0e2?authid=Ms66hE7oFhAO,,,,1.0,2.85,,10.0
XES15E-1212-10JN,BAC,4.75,3.66,4.65,17.37,1510.0,1510.0,,https://www.calameo.com/read/007362127e29aeca4d414?authid=Vtd8DMG7ouV6,,,,1.0,3.477,,
S15E-1285-06KN-2,BAC,3.05,5.23,2.97,15.95,1519.0,1519.0,,https://www.calameo.com/read/007362127e29aeca4d414?authid=Vtd8DMG7ouV6,,,,2.0,2.8974999999999995,,
XES15E-1218-11FN,BAC,5.31,5.49,5.28,29.13,1528.0,1528.0,,https://www.calameo.com/read/007362127e29aeca4d414?authid=Vtd8DMG7ouV6,,,,1.0,5.044499999999999,,
XES3E-1020-06L,BAC,6.12,3.0,3.3,18.35,1537.0,1537.0,Product Catalog,https://www.calameo.com/read/0073621279a1d0c9ca0e2?authid=Ms66hE7oFhAO,,,,1.0,2.85,,15.0
XES3E-1222-06K,BAC,6.58,3.61,3.33,23.73,1537.0,1537.0,Product Catalog,https://www.calameo.com/read/0073621279a1d0c9ca0e2?authid=Ms66hE7oFhAO,,,,1.0,3.4294999999999995,,10.0
XES3E-1222-07J,BAC,6.58,3.61,3.73,23.73,1554.0,1554.0,Product Catalog,https://www.calameo.com/read/0073621279a1d0c9ca0e2?authid=Ms66hE7oFhAO,,,,1.0,3.4294999999999995,,7.5
XES15E-1212-11JN,BAC,5.16,3.66,5.46,18.86,1558.0,1558.0,,https://www.calameo.com/read/007362127e29aeca4d414?authid=Vtd8DMG7ouV6,,,,1.0,3.477,,
S15E-1212-09KN,BAC,4.34,3.66,4.24,15.89,1572.0,1572.0,,https://www.calameo.com/read/007362127e29aeca4d414?authid=Vtd8DMG7ouV6,,,,1.0,3.477,,
XES15E-1218-12FN,BAC,5.72,5.49,5.69,31.35,1585.0,1585.0,,https://www.calameo.com/read/007362127e29aeca4d414?authid=Vtd8DMG7ouV6,,,,1.0,5.2155,,
S3E-8518-06M,BAC,5.51,2.59,3.4,14.28,1585.0,1585.0,Product Catalog,https://www.calameo.com/read/0073621279a1d0c9ca0e2?authid=Ms66hE7oFhAO,,,,1.0,2.4605,,20.0
XES3E-8518-07L,BAC,5.51,2.59,3.81,14.28,1602.0,1602.0,Product Catalog,https://www.calameo.com/read/0073621279a1d0c9ca0e2?authid=Ms66hE7oFhAO,,,,1.0,2.4605,,15.0
XES15E-1218-09GN,BAC,4.5,5.49,4.47,24.67,1607.0,1607.0,,https://www.calameo.com/read/007362127e29aeca4d414?authid=Vtd8DMG7ouV6,,,,1.0,4.275,,
XES15E-1212-12JN,BAC,5.56,3.66,5.46,20.35,1616.0,1616.0,,https://www.calameo.com/read/007362127e29aeca4d414?authid=Vtd8DMG7ouV6,,,,1.0,3.477,,
XES15E-1218-07HN,BAC,3.61,5.49,3.61,19.79,1637.0,1637.0,,https://www.calameo.com/read/007362127e29aeca4d414?authid=Vtd8DMG7ouV6,,,,1.0,3.4294999999999995,,
S15E-1212-10KN,BAC,4.75,3.66,4.65,17.37,1651.0,1651.0,,https://www.calameo.com/read/007362127e29aeca4d414?authid=Vtd8DMG7ouV6,,,,1.0,3.477,,
S15E-1285-07KN-2,BAC,3.45,5.23,3.38,18.07,1659.0,1659.0,,https://www.calameo.com/read/007362127e29aeca4d414?authid=Vtd8DMG7ouV6,,,,2.0,3.2775,,
S15E-1212-09LC,BAC,4.34,3.66,4.24,15.89,1681.0,1681.0,,https://www.calameo.com/read/007362127e29aeca4d414?authid=Vtd8DMG7ouV6,,,,1.0,3.477,,
S3E-1020-06M,BAC,6.12,3.0,3.3,18.35,1686.0,1686.0,Product Catalog,https://www.calameo.com/read/0073621279a1d0c9ca0e2?authid=Ms66hE7oFhAO,,,,1.0,2.85,,20.0
XES15E-1218-10GN,BAC,4.9,5.49,4.88,26.9,1690.0,1690.0,,https://www.calameo.com/read/007362127e29aeca4d414?authid=Vtd8DMG7ouV6,,,,1.0,4.655,,
S15E-1212-11KN,BAC,5.16,3.66,5.05,18.86,1699.0,1699.0,,https://www.calameo.com/read/007362127e29aeca4d414?authid=Vtd8DMG7ouV6,,,,1.0,3.477,,
S3E-8518-06N,BAC,5.51,2.59,3.4,14.28,1703.0,1703.0,Product Catalog,https://www.calameo.com/read/0073621279a1d0c9ca0e2?authid=Ms66hE7oFhAO,,,,1.0,2.4605,,25.0
XES3E-1020-07L,BAC,6.12,3.0,3.71,18.35,1703.0,1703.0,Product Catalog,https://www.calameo.com/read/0073621279a1d0c9ca0e2?authid=Ms66hE7oFhAO,,,,1.0,2.85,,15.0
XES3E-1222-07K,BAC,6.58,3.61,3.73,23.73,1708.0,1708.0,Product Catalog,https://www.calameo.com/read/0073621279a1d0c9ca0e2?authid=Ms66hE7oFhAO,,,,1.0,3.4294999999999995,,10.0
XES3E-1424-07J,BAC,7.34,4.27,3.76,31.32,1738.0,1738.0,Product Catalog,https://www.calameo.com/read/0073621279a1d0c9ca0e2?authid=Ms66hE7oFhAO,,,,1.0,4.0565,,7.5
S15E-1285-06LN-2,BAC,3.05,5.23,2.97,15.95,1738.0,1738.0,,https://www.calameo.com/read/007362127e29aeca4d414?authid=Vtd8DMG7ouV6,,,,2.0,2.8974999999999995,,
XES3E-1222-06L,BAC,6.58,3.61,3.33,23.73,1752.0,1752.0,Product Catalog,https://www.calameo.com/read/0073621279a1d0c9ca0e2?authid=Ms66hE7oFhAO,,,,1.0,3.4294999999999995,,15.0
S3E-8518-07M,BAC,5.51,2.59,3.81,14.28,1756.0,1756.0,Product Catalog,https://www.calameo.com/read/0073621279a1d0c9ca0e2?authid=Ms66hE7oFhAO,,,,1.0,2.4605,,20.0
S15E-1212-12KN,BAC,5.56,3.66,5.46,20.35,1760.0,1760.0,,https://www.calameo.com/read/007362127e29aeca4d414?authid=Vtd8DMG7ouV6,,,,1.0,3.477,,
S15E-1212-09LN,BAC,4.34,3.66,4.24,15.89,1760.0,1760.0,,https://www.calameo.com/read/007362127e29aeca4d414?authid=Vtd8DMG7ouV6,,,,1.0,3.477,,
XES15E-1218-11GN,BAC,5.31,5.49,5.28,29.13,1760.0,1760.0,,https://www.calameo.com/read/007362127e29aeca4d414?authid=Vtd8DMG7ouV6,,,,1.0,5.044499999999999,,
S15E-1212-10LC,BAC,4.75,3.66,4.65,17.37,1765.0,1765.0,,https://www.calameo.com/read/007362127e29aeca4d414?authid=Vtd8DMG7ouV6,,,,1.0,3.477,,
S3E-8518-06O,BAC,5.51,2.59,3.4,14.28,1782.0,1782.0,Product Catalog,https://www.calameo.com/read/0073621279a1d0c9ca0e2?authid=Ms66hE7oFhAO,,,,1.0,2.4605,,30.0
S3E-1020-06N,BAC,6.12,3.0,3.3,18.35,1809.0,1809.0,Product Catalog,https://www.calameo.com/read/0073621279a1d0c9ca0e2?authid=Ms66hE7oFhAO,,,,1.0,2.85,,25.0
S15E-1212-11LC,BAC,5.16,3.66,5.05,18.86,1817.0,1817.0,,https://www.calameo.com/read/007362127e29aeca4d414?authid=Vtd8DMG7ouV6,,,,1.0,3.477,,
XES15E-1218-12GN,BAC,5.72,5.49,5.69,31.35,1822.0,1822.0,,https://www.calameo.com/read/007362127e29aeca4d414?authid=Vtd8DMG7ouV6,,,,1.0,5.2155,,
S15E-1212-10LN,BAC,4.75,3.66,4.65,17.37,1848.0,1848.0,,https://www.calameo.com/read/007362127e29aeca4d414?authid=Vtd8DMG7ouV6,,,,1.0,3.477,,
S3E-1020-07M,BAC,6.12,3.0,3.71,18.35,1866.0,1866.0,Product Catalog,https://www.calameo.com/read/0073621279a1d0c9ca0e2?authid=Ms66hE7oFhAO,,,,1.0,2.85,,20.0
S15E-1218-07JN,BAC,3.61,5.49,3.61,19.79,1875.0,1875.0,,https://www.calameo.com/read/007362127e29aeca4d414?authid=Vtd8DMG7ouV6,,,,1.0,3.4294999999999995,,
S3E-8518-07N,BAC,5.51,2.59,3.81,14.28,1883.0,1883.0,Product Catalog,https://www.calameo.com/read/0073621279a1d0c9ca0e2?authid=Ms66hE7oFhAO,,,,1.0,2.4605,,25.0
S15E-1212-12LC,BAC,5.56,3.66,5.46,20.35,1883.0,1883.0,,https://www.calameo.com/read/007362127e29aeca4d414?authid=Vtd8DMG7ouV6,,,,1.0,3.477,,
XES15E-1218-09HN,BAC,4.5,5.49,4.47,24.67,1888.0,1888.0,,https://www.calameo.com/read/007362127e29aeca4d414?authid=Vtd8DMG7ouV6,,,,1.0,4.275,,
S15E-1285-07LN-2,BAC,3.45,5.23,3.38,18.07,1905.0,1905.0,,https://www.calameo.com/read/007362127e29aeca4d414?authid=Vtd8DMG7ouV6,,,,2.0,3.2775,,
S15E-1212-11LN,BAC,5.16,3.66,5.05,18.86,1905.0,1905.0,,https://www.calameo.com/read/007362127e29aeca4d414?authid=Vtd8DMG7ouV6,,,,1.0,3.477,,
XES3E-1424-07K,BAC,7.34,4.27,3.76,31.32,1910.0,1910.0,Product Catalog,https://www.calameo.com/read/0073621279a1d0c9ca0e2?authid=Ms66hE7oFhAO,,,,1.0,4.0565,,10.0
S3E-1020-06O,BAC,6.12,3.0,3.3,18.35,1914.0,1914.0,Product Catalog,https://www.calameo.com/read/0073621279a1d0c9ca0e2?authid=Ms66hE7oFhAO,,,,1.0,2.85,,30.0
S3E-1222-06M,BAC,6.58,3.61,3.33,23.73,1923.0,1923.0,Product Catalog,https://www.calameo.com/read/0073621279a1d0c9ca0e2?authid=Ms66hE7oFhAO,,,,1.0,3.4294999999999995,,20.0
XES3E-1222-07L,BAC,6.58,3.61,3.73,23.73,1949.0,1949.0,Product Catalog,https://www.calameo.com/read/0073621279a1d0c9ca0e2?authid=Ms66hE7oFhAO,,,,1.0,3.4294999999999995,,15.0
S15E-1285-09KN-2,BAC,4.37,5.23,4.37,22.86,1958.0,1958.0,,https://www.calameo.com/read/007362127e29aeca4d414?authid=Vtd8DMG7ouV6,,,,2.0,4.1515,,
S15E-1212-12LN,BAC,5.56,3.66,5.46,20.35,1971.0,1971.0,,https://www.calameo.com/read/007362127e29aeca4d414?authid=Vtd8DMG7ouV6,,,,1.0,3.477,,
S3E-8518-07O,BAC,5.51,2.59,3.81,14.28,1980.0,1980.0,Product Catalog,https://www.calameo.com/read/0073621279a1d0c9ca0e2?authid=Ms66hE7oFhAO,,,,1.0,2.4605,,30.0
XES15E-1218-10HN,BAC,4.9,5.49,4.88,26.9,1980.0,1980.0,,https://www.calameo.com/read/007362127e29aeca4d414?authid=Vtd8DMG7ouV6,,,,1.0,4.655,,
S3E-1020-07N,BAC,6.12,3.0,3.71,18.35,2006.0,2006.0,Product Catalog,https://www.calameo.com/read/0073621279a1d0c9ca0e2?authid=Ms66hE7oFhAO,,,,1.0,2.85,,25.0
S15E-1212-10MN,BAC,4.75,3.66,4.65,17.37,2015.0,2015.0,,https://www.calameo.com/read/007362127e29aeca4d414?authid=Vtd8DMG7ouV6,,,,1.0,3.477,,
S15E-1218-07KN,BAC,3.61,5.49,3.61,19.79,2046.0,2046.0,,https://www.calameo.com/read/007362127e29aeca4d414?authid=Vtd8DMG7ouV6,,,,1.0,3.4294999999999995,,
XES15E-1218-11HN,BAC,5.31,5.49,5.28,29.13,2063.0,2063.0,,https://www.calameo.com/read/007362127e29aeca4d414?authid=Vtd8DMG7ouV6,,,,1.0,5.044499999999999,,
S3E-1222-06N,BAC,6.58,3.61,3.33,23.73,2068.0,2068.0,Product Catalog,https://www.calameo.com/read/0073621279a1d0c9ca0e2?authid=Ms66hE7oFhAO,,,,1.0,3.4294999999999995,,25.0
S15E-1285-07MN-2,BAC,3.45,5.23,3.38,18.07,2072.0,2072.0,,https://www.calameo.com/read/007362127e29aeca4d414?authid=Vtd8DMG7ouV6,,,,2.0,3.2775,,
S15E-1212-11MN,BAC,5.16,3.66,5.05,18.86,2098.0,2098.0,,https://www.calameo.com/read/007362127e29aeca4d414?authid=Vtd8DMG7ouV6,,,,1.0,3.477,,
S3E-1020-07O,BAC,6.12,3.0,3.71,18.35,2125.0,2125.0,Product Catalog,https://www.calameo.com/read/0073621279a1d0c9ca0e2?authid=Ms66hE7oFhAO,,,,1.0,2.85,,30.0
S3E-8518-07P,BAC,5.51,2.59,3.81,14.28,2125.0,2125.0,Product Catalog,https://www.calameo.com/read/0073621279a1d0c9ca0e2?authid=Ms66hE7oFhAO,,,,1.0,2.4605,,40.0
XES15E-1218-12HN,BAC,5.72,5.49,5.69,31.35,2134.0,2134.0,,https://www.calameo.com/read/007362127e29aeca4d414?authid=Vtd8DMG7ouV6,,,,1.0,5.2155,,
XES3E-1222-07M,BAC,6.58,3.61,3.73,23.73,2138.0,2138.0,Product Catalog,https://www.calameo.com/read/0073621279a1d0c9ca0e2?authid=Ms66hE7oFhAO,,,,1.0,3.4294999999999995,,20.0
S15E-1218-09JN,BAC,4.5,5.49,4.47,24.67,2151.0,2151.0,,https://www.calameo.com/read/007362127e29aeca4d414?authid=Vtd8DMG7ouV6,,,,1.0,4.275,,
XES3E-1222-10K,BAC,6.58,3.61,5.0,23.73,2155.0,2155.0,Product Catalog,https://www.calameo.com/read/0073621279a1d0c9ca0e2?authid=Ms66hE7oFhAO,,,,1.0,3.4294999999999995,,10.0
S15E-1212-12MN,BAC,5.56,3.66,5.46,20.35,2173.0,2173.0,,https://www.calameo.com/read/007362127e29aeca4d414?authid=Vtd8DMG7ouV6,,,,1.0,3.477,,
XES3E-1424-07L,BAC,7.34,4.27,3.76,31.32,2182.0,2182.0,Product Catalog,https://www.calameo.com/read/0073621279a1d0c9ca0e2?authid=Ms66hE7oFhAO,,,,1.0,4.0565,,15.0
S3E-1222-06O,BAC,6.58,3.61,3.33,23.73,2195.0,2195.0,Product Catalog,https://www.calameo.com/read/0073621279a1d0c9ca0e2?authid=Ms66hE7oFhAO,,,,1.0,3.4294999999999995,,30.0
S15E-1218-07LC,BAC,3.61,5.49,3.61,19.79,2199.0,2199.0,,https://www.calameo.com/read/007362127e29aeca4d414?authid=Vtd8DMG7ouV6,,,,1.0,3.4294999999999995,,
S15E-1285-09LN-2,BAC,4.37,5.23,4.37,22.86,2221.0,2221.0,,https://www.calameo.com/read/007362127e29aeca4d414?authid=Vtd8DMG7ouV6,,,,2.0,4.1515,,
XES15E-1218-10JN,BAC,4.9,5.49,4.88,26.9,2256.0,2256.0,,https://www.calameo.com/read/007362127e29aeca4d414?authid=Vtd8DMG7ouV6,,,,1.0,4.655,,
S3E-1222-07N,BAC,6.58,3.61,3.73,23.73,2296.0,2296.0,Product Catalog,https://www.calameo.com/read/0073621279a1d0c9ca0e2?authid=Ms66hE7oFhAO,,,,1.0,3.4294999999999995,,25.0
S15E-1285-10LN-2,BAC,4.78,5.23,4.78,24.99,2318.0,2318.0,,https://www.calameo.com/read/007362127e29aeca4d414?authid=Vtd8DMG7ouV6,,,,2.0,4.541,,
XES3E-1222-12K,BAC,6.58,3.61,5.82,23.73,2318.0,2318.0,Product Catalog,https://www.calameo.com/read/0073621279a1d0c9ca0e2?authid=Ms66hE7oFhAO,,,,1.0,3.4294999999999995,,10.0
S3E-1020-07P,BAC,6.12,3.0,3.71,18.35,2327.0,2327.0,Product Catalog,https://www.calameo.com/read/0073621279a1d0c9ca0e2?authid=Ms66hE7oFhAO,,,,1.0,2.85,,40.0
S15E-1218-09KN,BAC,4.5,5.49,4.47,24.67,2349.0,2349.0,,https://www.calameo.com/read/007362127e29aeca4d414?authid=Vtd8DMG7ouV6,,,,1.0,4.275,,
XES15E-1218-11JN,BAC,5.31,5.49,5.28,29.13,2353.0,2353.0,,https://www.calameo.com/read/007362127e29aeca4d414?authid=Vtd8DMG7ouV6,,,,1.0,5.044499999999999,,
XES3E-1424-07M,BAC,7.34,4.27,3.76,31.32,2393.0,2393.0,Product Catalog,https://www.calameo.com/read/0073621279a1d0c9ca0e2?authid=Ms66hE7oFhAO,,,,1.0,4.0565,,20.0
XES3E-1222-13K,BAC,6.58,3.61,6.22,23.73,2393.0,2393.0,Product Catalog,https://www.calameo.com/read/0073621279a1d0c9ca0e2?authid=Ms66hE7oFhAO,,,,1.0,3.4294999999999995,,10.0
S15E-1285-09MN-2,BAC,4.37,5.23,4.37,22.86,2423.0,2423.0,,https://www.calameo.com/read/007362127e29aeca4d414?authid=Vtd8DMG7ouV6,,,,2.0,4.1515,,
S3E-1222-07O,BAC,6.58,3.61,3.73,23.73,2432.0,2432.0,Product Catalog,https://www.calameo.com/read/0073621279a1d0c9ca0e2?authid=Ms66hE7oFhAO,,,,1.0,3.4294999999999995,,30.0
XES15E-1218-12JN,BAC,5.72,5.49,5.69,31.35,2436.0,2436.0,,https://www.calameo.com/read/007362127e29aeca4d414?authid=Vtd8DMG7ouV6,,,,1.0,5.2155,,
XES3E-1222-10L,BAC,6.58,3.61,5.0,23.73,2454.0,2454.0,Product Catalog,https://www.calameo.com/read/0073621279a1d0c9ca0e2?authid=Ms66hE7oFhAO,,,,1.0,3.4294999999999995,,15.0
S15E-1218-10KN,BAC,4.9,5.49,4.88,26.9,2463.0,2463.0,,https://www.calameo.com/read/007362127e29aeca4d414?authid=Vtd8DMG7ouV6,,,,1.0,4.655,,
S15E-1212-07JN-2,BAC,3.45,7.37,3.38,25.45,2476.0,2476.0,,https://www.calameo.com/read/007362127e29aeca4d414?authid=Vtd8DMG7ouV6,,,,2.0,3.2775,,
S15E-1218-09LC,BAC,4.5,5.49,4.47,24.67,2511.0,2511.0,,https://www.calameo.com/read/007362127e29aeca4d414?authid=Vtd8DMG7ouV6,,,,1.0,4.275,,
S15E-1285-10MN-2,BAC,4.78,5.23,4.78,24.99,2537.0,2537.0,,https://www.calameo.com/read/007362127e29aeca4d414?authid=Vtd8DMG7ouV6,,,,2.0,4.541,,
S15E-1218-11KN,BAC,5.31,5.49,5.28,29.13,2564.0,2564.0,,https://www.calameo.com/read/007362127e29aeca4d414?authid=Vtd8DMG7ouV6,,,,1.0,5.044499999999999,,
XES3E-1424-07N,BAC,7.34,4.27,3.76,31.32,2568.0,2568.0,Product Catalog,https://www.calameo.com/read/0073621279a1d0c9ca0e2?authid=Ms66hE7oFhAO,,,,1.0,4.0565,,25.0
S3E-8518-05L-2,BAC,5.51,5.26,3.0,28.98,2568.0,2568.0,Product Catalog,https://www.calameo.com/read/0073621279a1d0c9ca0e2?authid=Ms66hE7oFhAO,,,,2.0,4.997,,30.0
XES3E-1222-12L,BAC,6.58,3.61,5.82,23.73,2634.0,2634.0,Product Catalog,https://www.calameo.com/read/0073621279a1d0c9ca0e2?authid=Ms66hE7oFhAO,,,,1.0,3.4294999999999995,,15.0
S15E-1218-10LC,BAC,4.9,5.49,4.88,26.9,2634.0,2634.0,,https://www.calameo.com/read/007362127e29aeca4d414?authid=Vtd8DMG7ouV6,,,,1.0,4.655,,
S15E-1218-12KN,BAC,5.72,5.49,5.69,31.35,2656.0,2656.0,,https://www.calameo.com/read/007362127e29aeca4d414?authid=Vtd8DMG7ouV6,,,,1.0,5.2155,,
S15E-1218-09LN,BAC,4.5,5.49,4.47,24.67,2660.0,2660.0,,https://www.calameo.com/read/007362127e29aeca4d414?authid=Vtd8DMG7ouV6,,,,1.0,4.275,,
S3E-1222-07P,BAC,6.58,3.61,3.73,23.73,2665.0,2665.0,Product Catalog,https://www.calameo.com/read/0073621279a1d0c9ca0e2?authid=Ms66hE7oFhAO,,,,1.0,3.4294999999999995,,40.0
XES3E-1222-10M,BAC,6.58,3.61,5.0,23.73,2682.0,2682.0,Product Catalog,https://www.calameo.com/read/0073621279a1d0c9ca0e2?authid=Ms66hE7oFhAO,,,,1.0,3.4294999999999995,,20.0
S15E-1212-07KN-2,BAC,3.45,7.37,3.38,25.45,2713.0,2713.0,,https://www.calameo.com/read/007362127e29aeca4d414?authid=Vtd8DMG7ouV6,,,,2.0,3.2775,,
S15E-1285-10NN-2,BAC,4.78,5.23,4.78,24.99,2722.0,2722.0,,https://www.calameo.com/read/007362127e29aeca4d414?authid=Vtd8DMG7ouV6,,,,2.0,4.541,,
XES3E-1222-13L,BAC,6.58,3.61,6.22,23.73,2722.0,2722.0,Product Catalog,https://www.calameo.com/read/0073621279a1d0c9ca0e2?authid=Ms66hE7oFhAO,,,,1.0,3.4294999999999995,,15.0
S3E-1424-07O,BAC,7.34,4.27,3.76,31.32,2726.0,2726.0,Product Catalog,https://www.calameo.com/read/0073621279a1d0c9ca0e2?authid=Ms66hE7oFhAO,,,,1.0,4.0565,,30.0
S15E-1218-11LC,BAC,5.31,5.49,5.28,29.13,2744.0,2744.0,,https://www.calameo.com/read/007362127e29aeca4d414?authid=Vtd8DMG7ouV6,,,,1.0,5.044499999999999,,
S15E-1218-10LN,BAC,4.9,5.49,4.88,26.9,2761.0,2761.0,,https://www.calameo.com/read/007362127e29aeca4d414?authid=Vtd8DMG7ouV6,,,,1.0,4.655,,
S3E-8518-05M-2,BAC,5.51,5.26,3.0,28.98,2823.0,2823.0,Product Catalog,https://www.calameo.com/read/0073621279a1d0c9ca0e2?authid=Ms66hE7oFhAO,,,,2.0,4.997,,40.0
XES3E-1222-14L,BAC,6.58,3.61,6.63,23.73,2832.0,2832.0,Product Catalog,https://www.calameo.com/read/0073621279a1d0c9ca0e2?authid=Ms66hE7oFhAO,,,,1.0,3.4294999999999995,,15.0
S15E-1218-12LC,BAC,5.72,5.49,5.69,31.35,2840.0,2840.0,,https://www.calameo.com/read/007362127e29aeca4d414?authid=Vtd8DMG7ouV6,,,,1.0,5.2155,,
S3E-1222-07Q,BAC,6.58,3.61,3.73,23.73,2862.0,2862.0,Product Catalog,https://www.calameo.com/read/0073621279a1d0c9ca0e2?authid=Ms66hE7oFhAO,,,,1.0,3.4294999999999995,,50.0
XES3E-1222-10N,BAC,6.58,3.61,5.0,23.73,2875.0,2875.0,Product Catalog,https://www.calameo.com/read/0073621279a1d0c9ca0e2?authid=Ms66hE7oFhAO,,,,1.0,3.4294999999999995,,25.0
S15E-1218-11LN,BAC,5.31,5.49,5.28,29.13,2875.0,2875.0,,https://www.calameo.com/read/007362127e29aeca4d414?authid=Vtd8DMG7ouV6,,,,1.0,5.044499999999999,,
S15E-1212-09JN-2,BAC,4.34,7.37,4.24,31.99,2880.0,2880.0,,https://www.calameo.com/read/007362127e29aeca4d414?authid=Vtd8DMG7ouV6,,,,2.0,4.122999999999999,,
XES3E-1222-12M,BAC,6.58,3.61,5.82,23.73,2884.0,2884.0,Product Catalog,https://www.calameo.com/read/0073621279a1d0c9ca0e2?authid=Ms66hE7oFhAO,,,,1.0,3.4294999999999995,,20.0
S3E-8518-06L-2,BAC,5.51,5.26,3.4,28.98,2889.0,2889.0,Product Catalog,https://www.calameo.com/read/0073621279a1d0c9ca0e2?authid=Ms66hE7oFhAO,,,,2.0,4.997,,30.0
S15E-1212-07LC-2,BAC,3.45,7.37,3.38,25.45,2915.0,2915.0,,https://www.calameo.com/read/007362127e29aeca4d414?authid=Vtd8DMG7ouV6,,,,2.0,3.2775,,
S15E-1218-12LN,BAC,5.72,5.49,5.69,31.35,2976.0,2976.0,,https://www.calameo.com/read/007362127e29aeca4d414?authid=Vtd8DMG7ouV6,,,,1.0,5.2155,,
XES3E-1222-13M,BAC,6.58,3.61,6.22,23.73,2976.0,2976.0,Product Catalog,https://www.calameo.com/read/0073621279a1d0c9ca0e2?authid=Ms66hE7oFhAO,,,,1.0,3.4294999999999995,,20.0
S3E-1424-07P,BAC,7.34,4.27,3.76,31.32,2985.0,2985.0,Product Catalog,https://www.calameo.com/read/0073621279a1d0c9ca0e2?authid=Ms66hE7oFhAO,,,,1.0,4.0565,,40.0
S3E-1222-07R,BAC,6.58,3.61,3.89,23.73,3029.0,3029.0,Product Catalog,https://www.calameo.com/read/0073621279a1d0c9ca0e2?authid=Ms66hE7oFhAO,,,,1.0,3.4294999999999995,,60.0
XES3E-1424-12L,BAC,7.34,4.27,5.87,31.32,3033.0,3033.0,Product Catalog,https://www.calameo.com/read/0073621279a1d0c9ca0e2?authid=Ms66hE7oFhAO,,,,1.0,4.0565,,15.0
XES3E-1222-10O,BAC,6.58,3.61,5.0,23.73,3042.0,3042.0,Product Catalog,https://www.calameo.com/read/0073621279a1d0c9ca0e2?authid=Ms66hE7oFhAO,,,,1.0,3.4294999999999995,,30.0
S15E-1218-10MN,BAC,4.9,5.49,4.88,26.9,3047.0,3047.0,,https://www.calameo.com/read/007362127e29aeca4d414?authid=Vtd8DMG7ouV6,,,,1.0,4.655,,
XES3E-1222-12N,BAC,6.58,3.61,5.82,23.73,3086.0,3086.0,Product Catalog,https://www.calameo.com/read/0073621279a1d0c9ca0e2?authid=Ms66hE7oFhAO,,,,1.0,3.4294999999999995,,25.0
XES3E-1222-14M,BAC,6.58,3.61,6.63,23.73,3099.0,3099.0,Product Catalog,https://www.calameo.com/read/0073621279a1d0c9ca0e2?authid=Ms66hE7oFhAO,,,,1.0,3.4294999999999995,,20.0
S15E-1212-09KN-2,BAC,4.34,7.37,4.24,31.99,3143.0,3143.0,,https://www.calameo.com/read/007362127e29aeca4d414?authid=Vtd8DMG7ouV6,,,,2.0,4.122999999999999,,
XES3E-1424-13L,BAC,7.34,4.27,6.27,31.32,3148.0,3148.0,Product Catalog,https://www.calameo.com/read/0073621279a1d0c9ca0e2?authid=Ms66hE7oFhAO,,,,1.0,4.0565,,15.0
S15E-1218-11MN,BAC,5.31,5.49,5.28,29.13,3170.0,3170.0,,https://www.calameo.com/read/007362127e29aeca4d414?authid=Vtd8DMG7ouV6,,,,1.0,5.044499999999999,,
S3E-8518-06M-2,BAC,5.51,5.26,3.4,28.98,3174.0,3174.0,Product Catalog,https://www.calameo.com/read/0073621279a1d0c9ca0e2?authid=Ms66hE7oFhAO,,,,2.0,4.997,,40.0
XES3E-1222-13N,BAC,6.58,3.61,6.22,23.73,3192.0,3192.0,Product Catalog,https://www.calameo.com/read/0073621279a1d0c9ca0e2?authid=Ms66hE7oFhAO,,,,1.0,3.4294999999999995,,25.0
S3E-1424-07Q,BAC,7.34,4.27,3.76,31.32,3200.0,3200.0,Product Catalog,https://www.calameo.com/read/0073621279a1d0c9ca0e2?authid=Ms66hE7oFhAO,,,,1.0,4.0565,,50.0
XES3E-1222-12O,BAC,6.58,3.61,5.82,23.73,3266.0,3266.0,Product Catalog,https://www.calameo.com/read/0073621279a1d0c9ca0e2?authid=Ms66hE7oFhAO,,,,1.0,3.4294999999999995,,30.0
S15E-1218-12MN,BAC,5.72,5.49,5.69,31.35,3279.0,3279.0,,https://www.calameo.com/read/007362127e29aeca4d414?authid=Vtd8DMG7ouV6,,,,1.0,5.2155,,
S15E-1212-10KN-2,BAC,4.75,7.37,4.65,34.99,3301.0,3301.0,,https://www.calameo.com/read/007362127e29aeca4d414?authid=Vtd8DMG7ouV6,,,,2.0,4.5125,,
XES3E-1424-12M,BAC,7.34,4.27,5.87,31.32,3314.0,3314.0,Product Catalog,https://www.calameo.com/read/0073621279a1d0c9ca0e2?authid=Ms66hE7oFhAO,,,,1.0,4.0565,,20.0
XES3E-1222-14N,BAC,6.58,3.61,6.63,23.73,3319.0,3319.0,Product Catalog,https://www.calameo.com/read/0073621279a1d0c9ca0e2?authid=Ms66hE7oFhAO,,,,1.0,3.4294999999999995,,25.0
S3E-1222-10P,BAC,6.58,3.61,5.0,23.73,3323.0,3323.0,Product Catalog,https://www.calameo.com/read/0073621279a1d0c9ca0e2?authid=Ms66hE7oFhAO,,,,1.0,3.4294999999999995,,40.0
S15E-1212-09LC-2,BAC,4.34,7.37,4.24,31.99,3363.0,3363.0,,https://www.calameo.com/read/007362127e29aeca4d414?authid=Vtd8DMG7ouV6,,,,2.0,4.122999999999999,,
S3E-1020-06M-2,BAC,6.12,6.05,3.3,37.01,3367.0,3367.0,Product Catalog,https://www.calameo.com/read/0073621279a1d0c9ca0e2?authid=Ms66hE7oFhAO,,,,2.0,5.7475,,40.0
XES3E-1222-13O,BAC,6.58,3.61,6.22,23.73,3376.0,3376.0,Product Catalog,https://www.calameo.com/read/0073621279a1d0c9ca0e2?authid=Ms66hE7oFhAO,,,,1.0,3.4294999999999995,,30.0
S3E-1424-07R,BAC,7.34,4.27,3.76,31.32,3389.0,3389.0,Product Catalog,https://www.calameo.com/read/0073621279a1d0c9ca0e2?authid=Ms66hE7oFhAO,,,,1.0,4.0565,,60.0
S15E-1212-11KN-2,BAC,5.16,7.37,5.05,37.98,3398.0,3398.0,,https://www.calameo.com/read/007362127e29aeca4d414?authid=Vtd8DMG7ouV6,,,,2.0,4.902,,
S3E-8518-06N-2,BAC,5.51,5.26,3.4,28.98,3407.0,3407.0,Product Catalog,https://www.calameo.com/read/0073621279a1d0c9ca0e2?authid=Ms66hE7oFhAO,,,,2.0,4.997,,50.0
XES3E-1424-13M,BAC,7.34,4.27,6.27,31.32,3437.0,3437.0,Product Catalog,https://www.calameo.com/read/0073621279a1d0c9ca0e2?authid=Ms66hE7oFhAO,,,,1.0,4.0565,,20.0
XES3E-1222-14O,BAC,6.58,3.61,6.63,23.73,3508.0,3508.0,Product Catalog,https://www.calameo.com/read/0073621279a1d0c9ca0e2?authid=Ms66hE7oFhAO,,,,1.0,3.4294999999999995,,30.0
S3E-8518-07M-2,BAC,5.51,5.26,3.81,28.98,3512.0,3512.0,Product Catalog,https://www.calameo.com/read/0073621279a1d0c9ca0e2?authid=Ms66hE7oFhAO,,,,2.0,4.997,,40.0
S15E-1212-09LN-2,BAC,4.34,7.37,4.24,31.99,3521.0,3521.0,,https://www.calameo.com/read/007362127e29aeca4d414?authid=Vtd8DMG7ouV6,,,,2.0,4.122999999999999,,
S15E-1212-12KN-2,BAC,5.56,7.37,5.46,40.97,3521.0,3521.0,,https://www.calameo.com/read/007362127e29aeca4d414?authid=Vtd8DMG7ouV6,,,,2.0,5.281999999999999,,
S15E-1212-10LC-2,BAC,4.75,7.37,4.65,34.99,3530.0,3530.0,,https://www.calameo.com/read/007362127e29aeca4d414?authid=Vtd8DMG7ouV6,,,,2.0,4.5125,,
XES3E-1424-12N,BAC,7.34,4.27,5.87,31.32,3547.0,3547.0,Product Catalog,https://www.calameo.com/read/0073621279a1d0c9ca0e2?authid=Ms66hE7oFhAO,,,,1.0,4.0565,,25.0
S3E-1222-10Q,BAC,6.58,3.61,5.0,23.73,3556.0,3556.0,Product Catalog,https://www.calameo.com/read/0073621279a1d0c9ca0e2?authid=Ms66hE7oFhAO,,,,1.0,3.4294999999999995,,50.0
S3E-1222-12P,BAC,6.58,3.61,5.82,23.73,3565.0,3565.0,Product Catalog,https://www.calameo.com/read/0073621279a1d0c9ca0e2?authid=Ms66hE7oFhAO,,,,1.0,3.4294999999999995,,40.0
S3E-8518-06O-2,BAC,5.51,5.26,3.4,28.98,3569.0,3569.0,Product Catalog,https://www.calameo.com/read/0073621279a1d0c9ca0e2?authid=Ms66hE7oFhAO,,,,2.0,4.997,,60.0
XES3E-1424-14M,BAC,7.34,4.27,6.68,31.32,3587.0,3587.0,Product Catalog,https://www.calameo.com/read/0073621279a1d0c9ca0e2?authid=Ms66hE7oFhAO,,,,1.0,4.0565,,20.0
S3E-1020-06N-2,BAC,6.12,6.05,3.3,37.01,3613.0,3613.0,Product Catalog,https://www.calameo.com/read/0073621279a1d0c9ca0e2?authid=Ms66hE7oFhAO,,,,2.0,5.7475,,50.0
S15E-1212-11LC-2,BAC,5.16,7.37,5.05,37.98,3635.0,3635.0,,https://www.calameo.com/read/007362127e29aeca4d414?authid=Vtd8DMG7ouV6,,,,2.0,4.902,,
XES3E-1424-13N,BAC,7.34,4.27,6.27,31.32,3679.0,3679.0,Product Catalog,https://www.calameo.com/read/0073621279a1d0c9ca0e2?authid=Ms66hE7oFhAO,,,,1.0,4.0565,,25.0
S3E-1222-13P,BAC,6.58,3.61,6.22,23.73,3683.0,3683.0,Product Catalog,https://www.calameo.com/read/0073621279a1d0c9ca0e2?authid=Ms66hE7oFhAO,,,,1.0,3.4294999999999995,,40.0
S15E-1212-10LN-2,BAC,4.75,7.37,4.65,34.99,3696.0,3696.0,,https://www.calameo.com/read/007362127e29aeca4d414?authid=Vtd8DMG7ouV6,,,,2.0,4.5125,,
S3E-1020-07M-2,BAC,6.12,6.05,3.71,37.01,3736.0,3736.0,Product Catalog,https://www.calameo.com/read/0073621279a1d0c9ca0e2?authid=Ms66hE7oFhAO,,,,2.0,5.7475,,40.0
S15E-1218-07JN-2,BAC,3.61,11.02,3.61,39.76,3749.0,3749.0,,https://www.calameo.com/read/007362127e29aeca4d414?authid=Vtd8DMG7ouV6,,,,2.0,3.4294999999999995,,
XES3E-1424-12O,BAC,7.34,4.27,5.87,31.32,3749.0,3749.0,Product Catalog,https://www.calameo.com/read/0073621279a1d0c9ca0e2?authid=Ms66hE7oFhAO,,,,1.0,4.0565,,30.0
S3E-1222-10R,BAC,6.58,3.61,5.0,23.73,3758.0,3758.0,Product Catalog,https://www.calameo.com/read/0073621279a1d0c9ca0e2?authid=Ms66hE7oFhAO,,,,1.0,3.4294999999999995,,60.0
S15E-1212-12LC-2,BAC,5.56,7.37,5.46,40.97,3767.0,3767.0,,https://www.calameo.com/read/007362127e29aeca4d414?authid=Vtd8DMG7ouV6,,,,2.0,5.281999999999999,,
S3E-8518-07N-2,BAC,5.51,5.26,3.81,28.98,3767.0,3767.0,Product Catalog,https://www.calameo.com/read/0073621279a1d0c9ca0e2?authid=Ms66hE7oFhAO,,,,2.0,4.997,,50.0
S15E-1212-11LN-2,BAC,5.16,7.37,5.05,37.98,3811.0,3811.0,,https://www.calameo.com/read/007362127e29aeca4d414?authid=Vtd8DMG7ouV6,,,,2.0,4.902,,
S3E-1222-12Q,BAC,6.58,3.61,5.82,23.73,3815.0,3815.0,Product Catalog,https://www.calameo.com/read/0073621279a1d0c9ca0e2?authid=Ms66hE7oFhAO,,,,1.0,3.4294999999999995,,50.0
S3E-1222-14P,BAC,6.58,3.61,6.63,23.73,3828.0,3828.0,Product Catalog,https://www.calameo.com/read/0073621279a1d0c9ca0e2?authid=Ms66hE7oFhAO,,,,1.0,3.4294999999999995,,40.0
S3E-1020-06O-2,BAC,6.12,6.05,3.3,37.01,3828.0,3828.0,Product Catalog,https://www.calameo.com/read/0073621279a1d0c9ca0e2?authid=Ms66hE7oFhAO,,,,2.0,5.7475,,60.0
XES3E-1424-14N,BAC,7.34,4.27,6.68,31.32,3837.0,3837.0,Product Catalog,https://www.calameo.com/read/0073621279a1d0c9ca0e2?authid=Ms66hE7oFhAO,,,,1.0,4.0565,,25.0
S3E-1222-06M-2,BAC,6.58,7.29,3.33,47.96,3850.0,3850.0,Product Catalog,https://www.calameo.com/read/0073621279a1d0c9ca0e2?authid=Ms66hE7oFhAO,,,,2.0,6.251,,40.0
XES3E-1424-13O,BAC,7.34,4.27,6.27,31.32,3885.0,3885.0,Product Catalog,https://www.calameo.com/read/0073621279a1d0c9ca0e2?authid=Ms66hE7oFhAO,,,,1.0,4.0565,,30.0
S3E-1222-13Q,BAC,6.58,3.61,6.22,23.73,3938.0,3938.0,Product Catalog,https://www.calameo.com/read/0073621279a1d0c9ca0e2?authid=Ms66hE7oFhAO,,,,1.0,3.4294999999999995,,50.0
S15E-1212-12LN-2,BAC,5.56,7.37,5.46,40.97,3942.0,3942.0,,https://www.calameo.com/read/007362127e29aeca4d414?authid=Vtd8DMG7ouV6,,,,2.0,5.281999999999999,,
S3E-8518-07O-2,BAC,5.51,5.26,3.81,28.98,3964.0,3964.0,Product Catalog,https://www.calameo.com/read/0073621279a1d0c9ca0e2?authid=Ms66hE7oFhAO,,,,2.0,4.997,,60.0
S3E-1020-07N-2,BAC,6.12,6.05,3.71,37.01,4008.0,4008.0,Product Catalog,https://www.calameo.com/read/0073621279a1d0c9ca0e2?authid=Ms66hE7oFhAO,,,,2.0,5.7475,,50.0
S3E-1222-10S,BAC,6.58,3.61,5.0,23.73,4021.0,4021.0,Product Catalog,https://www.calameo.com/read/0073621279a1d0c9ca0e2?authid=Ms66hE7oFhAO,,,,1.0,3.4294999999999995,,75.0
S3E-1222-12R,BAC,6.58,3.61,5.82,23.73,4026.0,4026.0,Product Catalog,https://www.calameo.com/read/0073621279a1d0c9ca0e2?authid=Ms66hE7oFhAO,,,,1.0,3.4294999999999995,,60.0
S15E-1212-10MN-2,BAC,4.75,7.37,4.65,34.99,4030.0,4030.0,,https://www.calameo.com/read/007362127e29aeca4d414?authid=Vtd8DMG7ouV6,,,,2.0,4.5125,,
XES3E-1424-14O,BAC,7.34,4.27,6.68,31.32,4056.0,4056.0,Product Catalog,https://www.calameo.com/read/0073621279a1d0c9ca0e2?authid=Ms66hE7oFhAO,,,,1.0,4.0565,,30.0
XES3E-1424-12P,BAC,7.34,4.27,5.87,31.32,4087.0,4087.0,Product Catalog,https://www.calameo.com/read/0073621279a1d0c9ca0e2?authid=Ms66hE7oFhAO,,,,1.0,4.0565,,40.0
S15E-1218-07KN-2,BAC,3.61,11.02,3.61,39.76,4091.0,4091.0,,https://www.calameo.com/read/007362127e29aeca4d414?authid=Vtd8DMG7ouV6,,,,2.0,3.4294999999999995,,
S3E-1222-14Q,BAC,6.58,3.61,6.63,23.73,4096.0,4096.0,Product Catalog,https://www.calameo.com/read/0073621279a1d0c9ca0e2?authid=Ms66hE7oFhAO,,,,1.0,3.4294999999999995,,50.0
S3E-1222-06N-2,BAC,6.58,7.29,3.33,47.96,4135.0,4135.0,Product Catalog,https://www.calameo.com/read/0073621279a1d0c9ca0e2?authid=Ms66hE7oFhAO,,,,2.0,6.251,,50.0
S3E-1222-13R,BAC,6.58,3.61,6.22,23.73,4157.0,4157.0,Product Catalog,https://www.calameo.com/read/0073621279a1d0c9ca0e2?authid=Ms66hE7oFhAO,,,,1.0,3.4294999999999995,,60.0
S15E-1212-11MN-2,BAC,5.16,7.37,5.05,37.98,4197.0,4197.0,,https://www.calameo.com/read/007362127e29aeca4d414?authid=Vtd8DMG7ouV6,,,,2.0,4.902,,
XES3E-1424-13P,BAC,7.34,4.27,6.27,31.32,4236.0,4236.0,Product Catalog,https://www.calameo.com/read/0073621279a1d0c9ca0e2?authid=Ms66hE7oFhAO,,,,1.0,4.0565,,40.0
S3E-8518-07P-2,BAC,5.51,5.26,3.81,28.98,4250.0,4250.0,Product Catalog,https://www.calameo.com/read/0073621279a1d0c9ca0e2?authid=Ms66hE7oFhAO,,,,2.0,4.997,,80.0
S3E-1020-07O-2,BAC,6.12,6.05,3.71,37.01,4250.0,4250.0,Product Catalog,https://www.calameo.com/read/0073621279a1d0c9ca0e2?authid=Ms66hE7oFhAO,,,,2.0,5.7475,,60.0
S15E-1218-09JN-2,BAC,4.5,11.02,4.47,49.56,4302.0,4302.0,,https://www.calameo.com/read/007362127e29aeca4d414?authid=Vtd8DMG7ouV6,,,,2.0,4.275,,
S3E-1222-12S,BAC,6.58,3.61,5.82,23.73,4307.0,4307.0,Product Catalog,https://www.calameo.com/read/0073621279a1d0c9ca0e2?authid=Ms66hE7oFhAO,,,,1.0,3.4294999999999995,,75.0
S3E-1222-14R,BAC,6.58,3.61,6.63,23.73,4324.0,4324.0,Product Catalog,https://www.calameo.com/read/0073621279a1d0c9ca0e2?authid=Ms66hE7oFhAO,,,,1.0,3.4294999999999995,,60.0
S15E-1212-12MN-2,BAC,5.56,7.37,5.46,40.97,4346.0,4346.0,,https://www.calameo.com/read/007362127e29aeca4d414?authid=Vtd8DMG7ouV6,,,,2.0,5.281999999999999,,
S3E-1424-12Q,BAC,7.34,4.27,5.87,31.32,4368.0,4368.0,Product Catalog,https://www.calameo.com/read/0073621279a1d0c9ca0e2?authid=Ms66hE7oFhAO,,,,1.0,4.0565,,50.0
S3E-1222-06O-2,BAC,6.58,7.29,3.33,47.96,4386.0,4386.0,Product Catalog,https://www.calameo.com/read/0073621279a1d0c9ca0e2?authid=Ms66hE7oFhAO,,,,2.0,6.251,,60.0
S15E-1218-07LC-2,BAC,3.61,11.02,3.61,39.76,4399.0,4399.0,,https://www.calameo.com/read/007362127e29aeca4d414?authid=Vtd8DMG7ouV6,,,,2.0,3.4294999999999995,,
XES3E-1424-14P,BAC,7.34,4.27,6.68,31.32,4421.0,4421.0,Product Catalog,https://www.calameo.com/read/0073621279a1d0c9ca0e2?authid=Ms66hE7oFhAO,,,,1.0,4.0565,,40.0
S3E-1222-13S,BAC,6.58,3.61,6.22,23.73,4447.0,4447.0,Product Catalog,https://www.calameo.com/read/0073621279a1d0c9ca0e2?authid=Ms66hE7oFhAO,,,,1.0,3.4294999999999995,,75.0
S3E-1424-13Q,BAC,7.34,4.27,6.27,31.32,4526.0,4526.0,Product Catalog,https://www.calameo.com/read/0073621279a1d0c9ca0e2?authid=Ms66hE7oFhAO,,,,1.0,4.0565,,50.0
S3E-1222-07N-2,BAC,6.58,7.29,3.73,47.96,4592.0,4592.0,Product Catalog,https://www.calameo.com/read/0073621279a1d0c9ca0e2?authid=Ms66hE7oFhAO,,,,2.0,6.251,,50.0
S3E-1424-12R,BAC,7.34,4.27,6.02,31.32,4610.0,4610.0,Product Catalog,https://www.calameo.com/read/0073621279a1d0c9ca0e2?authid=Ms66hE7oFhAO,,,,1.0,4.0565,,60.0
S3E-1222-14S,BAC,6.58,3.61,6.63,23.73,4636.0,4636.0,Product Catalog,https://www.calameo.com/read/0073621279a1d0c9ca0e2?authid=Ms66hE7oFhAO,,,,1.0,3.4294999999999995,,75.0
S3E-1020-07P-2,BAC,6.12,6.05,3.71,37.01,4653.0,4653.0,Product Catalog,https://www.calameo.com/read/0073621279a1d0c9ca0e2?authid=Ms66hE7oFhAO,,,,2.0,5.7475,,80.0
S15E-1218-09KN-2,BAC,4.5,11.02,4.47,49.56,4697.0,4697.0,,https://www.calameo.com/read/007362127e29aeca4d414?authid=Vtd8DMG7ouV6,,,,2.0,4.275,,
S3E-1424-14Q,BAC,7.34,4.27,6.68,31.32,4719.0,4719.0,Product Catalog,https://www.calameo.com/read/0073621279a1d0c9ca0e2?authid=Ms66hE7oFhAO,,,,1.0,4.0565,,50.0
S3E-1424-13R,BAC,7.34,4.27,6.43,31.32,4776.0,4776.0,Product Catalog,https://www.calameo.com/read/0073621279a1d0c9ca0e2?authid=Ms66hE7oFhAO,,,,1.0,4.0565,,60.0
S3E-1222-07O-2,BAC,6.58,7.29,3.73,47.96,4869.0,4869.0,Product Catalog,https://www.calameo.com/read/0073621279a1d0c9ca0e2?authid=Ms66hE7oFhAO,,,,2.0,6.251,,60.0
S3E-1424-12S,BAC,7.34,4.27,6.02,31.32,4921.0,4921.0,Product Catalog,https://www.calameo.com/read/0073621279a1d0c9ca0e2?authid=Ms66hE7oFhAO,,,,1.0,4.0565,,75.0
S15E-1218-10KN-2,BAC,4.9,11.02,4.88,54.04,4926.0,4926.0,,https://www.calameo.com/read/007362127e29aeca4d414?authid=Vtd8DMG7ouV6,,,,2.0,4.655,,
S3E-1424-14R,BAC,7.34,4.27,6.83,31.32,4978.0,4978.0,Product Catalog,https://www.calameo.com/read/0073621279a1d0c9ca0e2?authid=Ms66hE7oFhAO,,,,1.0,4.0565,,60.0
S15E-1218-09LC-2,BAC,4.5,11.02,4.47,49.56,5022.0,5022.0,,https://www.calameo.com/read/007362127e29aeca4d414?authid=Vtd8DMG7ouV6,,,,2.0,4.275,,
S3E-1222-14T[1],BAC,6.58,3.61,6.63,23.73,5035.0,5035.0,Product Catalog,https://www.calameo.com/read/0073621279a1d0c9ca0e2?authid=Ms66hE7oFhAO,,,,1.0,3.4294999999999995,,100.0
S3E-1424-13S,BAC,7.34,4.27,6.43,31.32,5097.0,5097.0,Product Catalog,https://www.calameo.com/read/0073621279a1d0c9ca0e2?authid=Ms66hE7oFhAO,,,,1.0,4.0565,,75.0
S15E-1218-11KN-2,BAC,5.31,11.02,5.28,58.52,5128.0,5128.0,,https://www.calameo.com/read/007362127e29aeca4d414?authid=Vtd8DMG7ouV6,,,,2.0,5.044499999999999,,
S15E-1218-10LC-2,BAC,4.9,11.02,4.88,54.04,5268.0,5268.0,,https://www.calameo.com/read/007362127e29aeca4d414?authid=Vtd8DMG7ouV6,,,,2.0,4.655,,
S3E-1424-12T[1],BAC,7.34,4.27,6.12,31.32,5299.0,5299.0,Product Catalog,https://www.calameo.com/read/0073621279a1d0c9ca0e2?authid=Ms66hE7oFhAO,,,,1.0,4.0565,,100.0
S15E-1218-12KN-2,BAC,5.72,11.02,5.69,63.0,5312.0,5312.0,,https://www.calameo.com/read/007362127e29aeca4d414?authid=Vtd8DMG7ouV6,,,,2.0,5.433999999999999,,
S15E-1218-09LN-2,BAC,4.5,11.02,4.47,49.56,5321.0,5321.0,,https://www.calameo.com/read/007362127e29aeca4d414?authid=Vtd8DMG7ouV6,,,,2.0,4.275,,
S3E-1424-14S,BAC,7.34,4.27,6.83,31.32,5334.0,5334.0,Product Catalog,https://www.calameo.com/read/0073621279a1d0c9ca0e2?authid=Ms66hE7oFhAO,,,,1.0,4.0565,,75.0
S3E-1222-07P-2,BAC,6.58,7.29,3.73,47.96,5334.0,5334.0,Product Catalog,https://www.calameo.com/read/0073621279a1d0c9ca0e2?authid=Ms66hE7oFhAO,,,,2.0,6.251,,80.0
S3E-1424-07O-2,BAC,7.34,8.59,3.76,63.02,5448.0,5448.0,Product Catalog,https://www.calameo.com/read/0073621279a1d0c9ca0e2?authid=Ms66hE7oFhAO,,,,2.0,6.973,,60.0
S15E-1218-11LC-2,BAC,5.31,11.02,5.28,58.52,5488.0,5488.0,,https://www.calameo.com/read/007362127e29aeca4d414?authid=Vtd8DMG7ouV6,,,,2.0,5.044499999999999,,
S3E-1424-13T[1],BAC,7.34,4.27,6.53,31.32,5488.0,5488.0,Product Catalog,https://www.calameo.com/read/0073621279a1d0c9ca0e2?authid=Ms66hE7oFhAO,,,,1.0,4.0565,,100.0
S15E-1218-10LN-2,BAC,4.9,11.02,4.88,54.04,5523.0,5523.0,,https://www.calameo.com/read/007362127e29aeca4d414?authid=Vtd8DMG7ouV6,,,,2.0,4.655,,
S15E-1218-12LC-2,BAC,5.72,11.02,5.69,63.0,5681.0,5681.0,,https://www.calameo.com/read/007362127e29aeca4d414?authid=Vtd8DMG7ouV6,,,,2.0,5.433999999999999,,
S3E-1222-07Q-2,BAC,6.58,7.29,3.73,47.96,5720.0,5720.0,Product Catalog,https://www.calameo.com/read/0073621279a1d0c9ca0e2?authid=Ms66hE7oFhAO,,,,2.0,6.251,,100.0
S3E-1424-14T[1],BAC,7.34,4.27,6.93,31.32,5720.0,5720.0,Product Catalog,https://www.calameo.com/read/0073621279a1d0c9ca0e2?authid=Ms66hE7oFhAO,,,,1.0,4.0565,,100.0
S15E-1218-11LN-2,BAC,5.31,11.02,5.28,58.52,5751.0,5751.0,,https://www.calameo.com/read/007362127e29aeca4d414?authid=Vtd8DMG7ouV6,,,,2.0,5.044499999999999,,
S15E-1218-12LN-2,BAC,5.72,11.02,5.69,63.0,5953.0,5953.0,,https://www.calameo.com/read/007362127e29aeca4d414?authid=Vtd8DMG7ouV6,,,,2.0,5.433999999999999,,
S3E-1424-07P-2,BAC,7.34,8.59,3.76,63.02,5970.0,5970.0,Product Catalog,https://www.calameo.com/read/0073621279a1d0c9ca0e2?authid=Ms66hE7oFhAO,,,,2.0,6.973,,80.0
S3E-1424-14U[2],BAC,7.34,4.27,6.83,31.32,6032.0,6032.0,Product Catalog,https://www.calameo.com/read/0073621279a1d0c9ca0e2?authid=Ms66hE7oFhAO,,,,1.0,4.0565,,119.0
S3E-1222-07R-2,BAC,6.58,7.29,3.89,47.96,6058.0,6058.0,Product Catalog,https://www.calameo.com/read/0073621279a1d0c9ca0e2?authid=Ms66hE7oFhAO,,,,2.0,6.251,,120.0
S15E-1218-10MN-2,BAC,4.9,11.02,4.88,54.04,6093.0,6093.0,,https://www.calameo.com/read/007362127e29aeca4d414?authid=Vtd8DMG7ouV6,,,,2.0,4.655,,
S3E-1424-14W[2],BAC,7.34,4.27,6.83,31.32,6120.0,6120.0,Product Catalog,https://www.calameo.com/read/0073621279a1d0c9ca0e2?authid=Ms66hE7oFhAO,,,,1.0,4.0565,,125.0
S15E-1218-11MN-2,BAC,5.31,11.02,5.28,58.52,6339.0,6339.0,,https://www.calameo.com/read/007362127e29aeca4d414?authid=Vtd8DMG7ouV6,,,,2.0,5.044499999999999,,
S3E-1424-07Q-2,BAC,7.34,8.59,3.76,63.02,6405.0,6405.0,Product Catalog,https://www.calameo.com/read/0073621279a1d0c9ca0e2?authid=Ms66hE7oFhAO,,,,2.0,6.973,,100.0
S15E-1218-12MN-2,BAC,5.72,11.02,5.69,63.0,6559.0,6559.0,,https://www.calameo.com/read/007362127e29aeca4d414?authid=Vtd8DMG7ouV6,,,,2.0,5.433999999999999,,
S3E-1222-10P-2,BAC,6.58,7.29,5.0,47.96,6646.0,6646.0,Product Catalog,https://www.calameo.com/read/0073621279a1d0c9ca0e2?authid=Ms66hE7oFhAO,,,,2.0,6.251,,80.0
S3E-1424-07R-2,BAC,7.34,8.59,3.76,63.02,6783.0,6783.0,Product Catalog,https://www.calameo.com/read/0073621279a1d0c9ca0e2?authid=Ms66hE7oFhAO,,,,2.0,6.973,,120.0
S3E-1222-10Q-2,BAC,6.58,7.29,5.0,47.96,7116.0,7116.0,Product Catalog,https://www.calameo.com/read/0073621279a1d0c9ca0e2?authid=Ms66hE7oFhAO,,,,2.0,6.251,,100.0
S3E-1222-12P-2,BAC,6.58,7.29,5.82,47.96,7129.0,7129.0,Product Catalog,https://www.calameo.com/read/0073621279a1d0c9ca0e2?authid=Ms66hE7oFhAO,,,,2.0,6.251,,80.0
S3E-1222-13P-2,BAC,6.58,7.29,6.22,47.96,7366.0,7366.0,Product Catalog,https://www.calameo.com/read/0073621279a1d0c9ca0e2?authid=Ms66hE7oFhAO,,,,2.0,6.251,,80.0
S3E-1222-10R-2,BAC,6.58,7.29,5.0,47.96,7516.0,7516.0,Product Catalog,https://www.calameo.com/read/0073621279a1d0c9ca0e2?authid=Ms66hE7oFhAO,,,,2.0,6.251,,120.0
S3E-1222-12Q-2,BAC,6.58,7.29,5.82,47.96,7625.0,7625.0,Product Catalog,https://www.calameo.com/read/0073621279a1d0c9ca0e2?authid=Ms66hE7oFhAO,,,,2.0,6.251,,100.0
S3E-1222-14P-2,BAC,6.58,7.29,6.63,47.96,7656.0,7656.0,Product Catalog,https://www.calameo.com/read/0073621279a1d0c9ca0e2?authid=Ms66hE7oFhAO,,,,2.0,6.251,,80.0
S3E-1222-13Q-2,BAC,6.58,7.29,6.22,47.96,7876.0,7876.0,Product Catalog,https://www.calameo.com/read/0073621279a1d0c9ca0e2?authid=Ms66hE7oFhAO,,,,2.0,6.251,,100.0
S3E-1222-10S-2,BAC,6.58,7.29,5.0,47.96,8042.0,8042.0,Product Catalog,https://www.calameo.com/read/0073621279a1d0c9ca0e2?authid=Ms66hE7oFhAO,,,,2.0,6.251,,150.0
S3E-1222-12R-2,BAC,6.58,7.29,5.82,47.96,8056.0,8056.0,Product Catalog,https://www.calameo.com/read/0073621279a1d0c9ca0e2?authid=Ms66hE7oFhAO,,,,2.0,6.251,,120.0
S3E-1222-14Q-2,BAC,6.58,7.29,6.63,47.96,8192.0,8192.0,Product Catalog,https://www.calameo.com/read/0073621279a1d0c9ca0e2?authid=Ms66hE7oFhAO,,,,2.0,6.251,,100.0
S3E-1222-13R-2,BAC,6.58,7.29,6.22,47.96,8319.0,8319.0,Product Catalog,https://www.calameo.com/read/0073621279a1d0c9ca0e2?authid=Ms66hE7oFhAO,,,,2.0,6.251,,120.0
S3E-1222-12S-2,BAC,6.58,7.29,5.82,47.96,8609.0,8609.0,Product Catalog,https://www.calameo.com/read/0073621279a1d0c9ca0e2?authid=Ms66hE7oFhAO,,,,2.0,6.251,,150.0
S3E-1222-14R-2,BAC,6.58,7.29,6.63,47.96,8648.0,8648.0,Product Catalog,https://www.calameo.com/read/0073621279a1d0c9ca0e2?authid=Ms66hE7oFhAO,,,,2.0,6.251,,120.0
S3E-1424-12Q-2,BAC,7.34,8.59,5.87,63.02,8732.0,8732.0,Product Catalog,https://www.calameo.com/read/0073621279a1d0c9ca0e2?authid=Ms66hE7oFhAO,,,,2.0,6.973,,100.0
S3E-1222-13S-2,BAC,6.58,7.29,6.22,47.96,8890.0,8890.0,Product Catalog,https://www.calameo.com/read/0073621279a1d0c9ca0e2?authid=Ms66hE7oFhAO,,,,2.0,6.251,,150.0
S3E-1424-13Q-2,BAC,7.34,8.59,6.27,63.02,9052.0,9052.0,Product Catalog,https://www.calameo.com/read/0073621279a1d0c9ca0e2?authid=Ms66hE7oFhAO,,,,2.0,6.973,,100.0
S3E-1424-12R-2,BAC,7.34,8.59,6.02,63.02,9215.0,9215.0,Product Catalog,https://www.calameo.com/read/0073621279a1d0c9ca0e2?authid=Ms66hE7oFhAO,,,,2.0,6.973,,120.0
S3E-1222-14S-2,BAC,6.58,7.29,6.63,47.96,9272.0,9272.0,Product Catalog,https://www.calameo.com/read/0073621279a1d0c9ca0e2?authid=Ms66hE7oFhAO,,,,2.0,6.251,,150.0
S3E-1424-14Q-2,BAC,7.34,8.59,6.68,63.02,9439.0,9439.0,Product Catalog,https://www.calameo.com/read/0073621279a1d0c9ca0e2?authid=Ms66hE7oFhAO,,,,2.0,6.973,,100.0
S3E-1424-13R-2,BAC,7.34,8.59,6.43,63.02,9548.0,9548.0,Product Catalog,https://www.calameo.com/read/0073621279a1d0c9ca0e2?authid=Ms66hE7oFhAO,,,,2.0,6.973,,120.0
S3E-1424-12S-2,BAC,7.34,8.59,6.02,63.02,9842.0,9842.0,Product Catalog,https://www.calameo.com/read/0073621279a1d0c9ca0e2?authid=Ms66hE7oFhAO,,,,2.0,6.973,,150.0
S3E-1424-14R-2,BAC,7.34,8.59,6.83,63.02,9957.0,9957.0,Product Catalog,https://www.calameo.com/read/0073621279a1d0c9ca0e2?authid=Ms66hE7oFhAO,,,,2.0,6.973,,120.0
S3E-1222-14T-2[1],BAC,6.58,7.29,6.63,47.96,10071.0,10071.0,Product Catalog,https://www.calameo.com/read/0073621279a1d0c9ca0e2?authid=Ms66hE7oFhAO,,,,2.0,6.251,,200.0
S3E-1424-13S-2,BAC,7.34,8.59,6.43,63.02,10194.0,10194.0,Product Catalog,https://www.calameo.com/read/0073621279a1d0c9ca0e2?authid=Ms66hE7oFhAO,,,,2.0,6.973,,150.0
S3E-1424-12T-2[1],BAC,7.34,8.59,6.12,63.02,10597.0,10597.0,Product Catalog,https://www.calameo.com/read/0073621279a1d0c9ca0e2?authid=Ms66hE7oFhAO,,,,2.0,6.973,,200.0
S3E-1424-14S-2,BAC,7.34,8.59,6.83,63.02,10672.0,10672.0,Product Catalog,https://www.calameo.com/read/0073621279a1d0c9ca0e2?authid=Ms66hE7oFhAO,,,,2.0,6.973,,150.0
S3E-1424-13T-2[1],BAC,7.34,8.59,6.53,63.02,10975.0,10975.0,Product Catalog,https://www.calameo.com/read/0073621279a1d0c9ca0e2?authid=Ms66hE7oFhAO,,,,2.0,6.973,,200.0
S3E-1424-14T-2[1],BAC,7.34,8.59,6.93,63.02,11436.0,11436.0,Product Catalog,https://www.calameo.com/read/0073621279a1d0c9ca0e2?authid=Ms66hE7oFhAO,,,,2.0,6.973,,200.0
S3E-1424-14U-2[2],BAC,7.34,8.59,6.83,63.02,12064.0,12064.0,Product Catalog,https://www.calameo.com/read/0073621279a1d0c9ca0e2?authid=Ms66hE7oFhAO,,,,2.0,6.973,,238.0
S3E-1424-14W-2[2],BAC,7.34,8.59,6.83,63.02,12235.0,12235.0,Product Catalog,https://www.calameo.com/read/0073621279a1d0c9ca0e2?authid=Ms66hE7oFhAO,,,,2.0,6.973,,250.0
"Liebert EFC Indirect Evaporative Freecooling System, 400kW, Perimeter",Vertiv,5.5,3.98,,21.88,400.0,400.0,,https://www.vertiv.com/en-in/products-catalog/thermal-management/evaporative-free-cooling/#/,,Bit of an outlier,,,3.781,,
"Liebert EFC Indirect Evaporative Freecooling System, 400kW, Rooftop",Vertiv,6.71,3.98,,26.71,400.0,400.0,,https://www.vertiv.com/en-in/products-catalog/thermal-management/evaporative-free-cooling/#/,,Bit of an outlier,,,3.781,,
XES15E-1285-06EN,BAC,3.05,2.59,2.97,7.9,404.0,404.0,,https://www.calameo.com/read/007362127e29aeca4d414?authid=Vtd8DMG7ouV6,,,,1.0,2.4605,,
XES15E-1285-07EN,BAC,3.45,2.59,3.38,8.95,443.0,443.0,,https://www.calameo.com/read/007362127e29aeca4d414?authid=Vtd8DMG7ouV6,,,,1.0,2.4605,,
XES15E-1285-06FN,BAC,3.05,2.59,2.97,7.9,443.0,443.0,,https://www.calameo.com/read/007362127e29aeca4d414?authid=Vtd8DMG7ouV6,,,,1.0,2.4605,,
NC8401G-1,SPX Cooling Technologies,3.91,1.99,3.11,7.77,444.0,444.0,pg. 5,https://spxcooling.com/wp-content/uploads/TECH-NC-23.pdf,,,1.83,1.0,1.83,Wet,2.0
XES15E-1285-07FN,BAC,3.45,2.59,3.38,8.95,487.0,487.0,,https://www.calameo.com/read/007362127e29aeca4d414?authid=Vtd8DMG7ouV6,,,,1.0,2.4605,,
XES15E-1285-06GN,BAC,3.05,2.59,2.97,7.9,514.0,514.0,,https://www.calameo.com/read/007362127e29aeca4d414?authid=Vtd8DMG7ouV6,,,,1.0,2.4605,,
NC8401H-1,SPX Cooling Technologies,3.91,1.99,3.11,7.77,514.4,514.4,pg. 5,https://spxcooling.com/wp-content/uploads/TECH-NC-23.pdf,,,1.83,1.0,1.83,Wet,3.0
NX1010K-1,SPX Cooling Technologies,1.73,3.24,,5.61,531.9,531.9,"NX cooling tower engineering data (sea_NX-TS-23, 1/2023), NX1000 table (p.7)",https://spxcooling.com,,,,,1.6435,,
XES15E-1285-07GN,BAC,3.45,2.59,3.38,8.95,562.0,562.0,,https://www.calameo.com/read/007362127e29aeca4d414?authid=Vtd8DMG7ouV6,,,,1.0,2.4605,,
XES15E-1285-09FN,BAC,4.37,2.59,4.37,11.32,575.0,575.0,,https://www.calameo.com/read/007362127e29aeca4d414?authid=Vtd8DMG7ouV6,,,,1.0,2.4605,,
XES15E-1285-10FN,BAC,4.78,2.59,4.78,12.37,601.0,601.0,,https://www.calameo.com/read/007362127e29aeca4d414?authid=Vtd8DMG7ouV6,,,,1.0,2.4605,,
XES15E-1285-06HN,BAC,3.05,2.59,2.97,7.9,606.0,606.0,,https://www.calameo.com/read/007362127e29aeca4d414?authid=Vtd8DMG7ouV6,,,,1.0,2.4605,,
NX1010M-1,SPX Cooling Technologies,1.73,3.24,,5.61,611.0,611.0,"NX cooling tower engineering data (sea_NX-TS-23, 1/2023), NX1000 table (p.7)",https://spxcooling.com,,,,,1.6435,,
NC8401K-1,SPX Cooling Technologies,3.91,1.99,3.11,7.77,611.1,611.1,pg. 5,https://spxcooling.com/wp-content/uploads/TECH-NC-23.pdf,,,1.83,1.0,1.83,Wet,5.0
XES15E-1285-07HN,BAC,3.45,2.59,3.38,8.95,659.0,659.0,,https://www.calameo.com/read/007362127e29aeca4d414?authid=Vtd8DMG7ouV6,,,,1.0,2.4605,,
XES15E-1285-09GN,BAC,4.37,2.59,4.37,11.32,663.0,663.0,,https://www.calameo.com/read/007362127e29aeca4d414?authid=Vtd8DMG7ouV6,,,,1.0,2.4605,,
NX1010N-1,SPX Cooling Technologies,1.73,3.24,,5.61,677.0,677.0,"NX cooling tower engineering data (sea_NX-TS-23, 1/2023), NX1000 table (p.7)",https://spxcooling.com,,,,,1.6435,,
NC8402H-1,SPX Cooling Technologies,4.32,2.56,4.5,11.05,,712.3,pg. 5,https://spxcooling.com/wp-content/uploads/TECH-NC-23.pdf,,,2.13,1.0,2.13,Wet,3.0
S15E-1285-06JN,BAC,3.05,2.59,2.97,7.9,694.0,694.0,,https://www.calameo.com/read/007362127e29aeca4d414?authid=Vtd8DMG7ouV6,,,,1.0,2.4605,,
XES15E-1285-10GN,BAC,4.78,2.59,4.78,12.37,694.0,694.0,,https://www.calameo.com/read/007362127e29aeca4d414?authid=Vtd8DMG7ouV6,,,,1.0,2.4605,,
NC8401M-1,SPX Cooling Technologies,3.91,1.99,3.11,7.77,699.0,699.0,pg. 5,https://spxcooling.com/wp-content/uploads/TECH-NC-23.pdf,,,1.83,1.0,1.83,Wet,7.5
XES15E-1212-07EN,BAC,3.45,3.66,3.38,12.63,733.0,733.0,,https://www.calameo.com/read/007362127e29aeca4d414?authid=Vtd8DMG7ouV6,,,,1.0,3.2775,,
XES3E-8518-05G,BAC,5.51,2.59,3.0,14.28,751.0,751.0,Product Catalog,https://www.calameo.com/read/0073621279a1d0c9ca0e2?authid=Ms66hE7oFhAO,,,,1.0,2.4605,,3.0
S15E-1285-06KN,BAC,3.05,2.59,2.97,7.9,759.0,759.0,,https://www.calameo.com/read/007362127e29aeca4d414?authid=Vtd8DMG7ouV6,,,,1.0,2.4605,,
XES15E-1285-07JN,BAC,3.45,2.59,3.38,8.95,764.0,764.0,,https://www.calameo.com/read/007362127e29aeca4d414?authid=Vtd8DMG7ouV6,,,,1.0,2.4605,,
NX1010P-1,SPX Cooling Technologies,1.73,3.24,,5.61,764.9,764.9,"NX cooling tower engineering data (sea_NX-TS-23, 1/2023), NX1000 table (p.7)",https://spxcooling.com,,,,,1.6435,,
NC8401N-1,SPX Cooling Technologies,3.91,1.99,3.11,7.77,769.4,769.4,pg. 5,https://spxcooling.com/wp-content/uploads/TECH-NC-23.pdf,,,1.83,1.0,1.83,Wet,10.0
XES15E-1285-09HN,BAC,4.37,2.59,4.37,11.32,781.0,781.0,,https://www.calameo.com/read/007362127e29aeca4d414?authid=Vtd8DMG7ouV6,,,,1.0,2.4605,,
NX1015K-1,SPX Cooling Technologies,2.52,3.86,,9.73,800.1,800.1,"NX cooling tower engineering data (sea_NX-TS-23, 1/2023), NX1000 table (p.7)",https://spxcooling.com,,,,,2.394,,
XES15E-1212-07FN,BAC,3.45,3.66,3.38,12.63,803.0,803.0,,https://www.calameo.com/read/007362127e29aeca4d414?authid=Vtd8DMG7ouV6,,,,1.0,3.2775,,
XES15E-1285-10HN,BAC,4.78,2.59,4.78,12.37,817.0,817.0,,https://www.calameo.com/read/007362127e29aeca4d414?authid=Vtd8DMG7ouV6,,,,1.0,2.4605,,
NC8402K-1,SPX Cooling Technologies,4.32,2.56,4.5,11.05,,846.3,pg. 5,https://spxcooling.com/wp-content/uploads/TECH-NC-23.pdf,,,2.13,1.0,2.13,Wet,5.0
S15E-1285-07KN,BAC,3.45,2.59,3.38,8.95,830.0,830.0,,https://www.calameo.com/read/007362127e29aeca4d414?authid=Vtd8DMG7ouV6,,,,1.0,2.4605,,
XES3E-8518-06G,BAC,5.51,2.59,3.4,14.28,852.0,852.0,Product Catalog,https://www.calameo.com/read/0073621279a1d0c9ca0e2?authid=Ms66hE7oFhAO,,,,1.0,2.4605,,3.0
XES15E-1212-09EN,BAC,4.34,3.66,4.24,15.89,856.0,856.0,,https://www.calameo.com/read/007362127e29aeca4d414?authid=Vtd8DMG7ouV6,,,,1.0,3.477,,
NC8403H-1,SPX Cooling Technologies,5.54,2.56,5.01,14.17,,901.3,pg. 5,https://spxcooling.com/wp-content/uploads/TECH-NC-23.pdf,,,2.13,1.0,2.13,Wet,3.0
XES15E-1212-07GC,BAC,3.45,3.66,3.38,12.63,865.0,865.0,,https://www.calameo.com/read/007362127e29aeca4d414?authid=Vtd8DMG7ouV6,,,,1.0,3.2775,,
S15E-1285-06LN,BAC,3.05,2.59,2.97,7.9,869.0,869.0,,https://www.calameo.com/read/007362127e29aeca4d414?authid=Vtd8DMG7ouV6,,,,1.0,2.4605,,
NC8401P-1,SPX Cooling Technologies,3.91,1.99,3.11,7.77,870.5,870.5,pg. 5,https://spxcooling.com/wp-content/uploads/TECH-NC-23.pdf,,,1.83,1.0,1.83,Wet,15.0
NX1015M-1,SPX Cooling Technologies,2.52,3.86,,9.73,879.3,879.3,"NX cooling tower engineering data (sea_NX-TS-23, 1/2023), NX1000 table (p.7)",https://spxcooling.com,,,,,2.394,,
GT-20 200 Ton,Aggreko,6.1,2.44,2.9,14.88,879.3,879.3,Aggreko product page,https://www.aggreko.com/en-us/products/hvac/cooling/cooling-towers/cooling-tower-gt-20-200-ton,,,,,2.318,,
XES3E-8518-05H,BAC,5.51,2.59,3.0,14.28,891.0,891.0,Product Catalog,https://www.calameo.com/read/0073621279a1d0c9ca0e2?authid=Ms66hE7oFhAO,,,,1.0,2.4605,,5.0
XES15E-1285-09JN,BAC,4.37,2.59,4.37,11.32,896.0,896.0,,https://www.calameo.com/read/007362127e29aeca4d414?authid=Vtd8DMG7ouV6,,,,1.0,2.4605,,
XES15E-1212-10EN,BAC,4.75,3.66,4.65,17.37,896.0,896.0,,https://www.calameo.com/read/007362127e29aeca4d414?authid=Vtd8DMG7ouV6,,,,1.0,3.477,,
XES3E-1020-06G,BAC,6.12,3.0,3.3,18.35,904.0,904.0,Product Catalog,https://www.calameo.com/read/0073621279a1d0c9ca0e2?authid=Ms66hE7oFhAO,,,,1.0,2.85,,3.0
XES15E-1212-07GN,BAC,3.45,3.66,3.38,12.63,913.0,913.0,,https://www.calameo.com/read/007362127e29aeca4d414?authid=Vtd8DMG7ouV6,,,,1.0,3.2775,,
XES15E-1212-11EN,BAC,5.16,3.66,5.05,18.86,926.0,926.0,,https://www.calameo.com/read/007362127e29aeca4d414?authid=Vtd8DMG7ouV6,,,,1.0,3.477,,
NC8402M-1,SPX Cooling Technologies,4.32,2.56,4.5,11.05,,967.1,pg. 5,https://spxcooling.com/wp-content/uploads/TECH-NC-23.pdf,,,2.13,1.0,2.13,Wet,7.5
XES15E-1285-10JN,BAC,4.78,2.59,4.78,12.37,935.0,935.0,,https://www.calameo.com/read/007362127e29aeca4d414?authid=Vtd8DMG7ouV6,,,,1.0,2.4605,,
XES15E-1212-09FN,BAC,4.34,3.66,4.24,15.89,935.0,935.0,,https://www.calameo.com/read/007362127e29aeca4d414?authid=Vtd8DMG7ouV6,,,,1.0,3.477,,
XES3E-8518-07G,BAC,5.51,2.59,3.81,14.28,948.0,948.0,Product Catalog,https://www.calameo.com/read/0073621279a1d0c9ca0e2?authid=Ms66hE7oFhAO,,,,1.0,2.4605,,3.0
S15E-1285-07LN,BAC,3.45,2.59,3.38,8.95,953.0,953.0,,https://www.calameo.com/read/007362127e29aeca4d414?authid=Vtd8DMG7ouV6,,,,1.0,2.4605,,
NX1015N-1,SPX Cooling Technologies,2.52,3.86,,9.73,967.1,967.1,"NX cooling tower engineering data (sea_NX-TS-23, 1/2023), NX1000 table (p.7)",https://spxcooling.com,,,,,2.394,,
S15E-1285-09KN,BAC,4.37,2.59,4.37,11.32,979.0,979.0,,https://www.calameo.com/read/007362127e29aeca4d414?authid=Vtd8DMG7ouV6,,,,1.0,2.4605,,
XES15E-1212-10FN,BAC,4.75,3.66,4.65,17.37,983.0,983.0,,https://www.calameo.com/read/007362127e29aeca4d414?authid=Vtd8DMG7ouV6,,,,1.0,3.477,,
XES15E-1212-07HC,BAC,3.45,3.66,3.38,12.63,992.0,992.0,,https://www.calameo.com/read/007362127e29aeca4d414?authid=Vtd8DMG7ouV6,,,,1.0,3.2775,,
NC8402N-1,SPX Cooling Technologies,4.32,2.56,4.5,11.05,,1072.6,pg. 5,https://spxcooling.com/wp-content/uploads/TECH-NC-23.pdf,,,2.13,1.0,2.13,Wet,10.0
NC8403K-1,SPX Cooling Technologies,5.54,2.56,5.01,14.17,,1083.6,pg. 5,https://spxcooling.com/wp-content/uploads/TECH-NC-23.pdf,,,2.13,1.0,2.13,Wet,5.0
NC8405H-1,SPX Cooling Technologies,6.07,3.02,5.01,18.31,,1072.6,pg. 5,https://spxcooling.com/wp-content/uploads/TECH-NC-23.pdf,,,2.74,1.0,2.74,Wet,3.0
NX1020N-1,SPX Cooling Technologies,2.81,4.13,,11.6,1068.3,1068.3,"NX cooling tower engineering data (sea_NX-TS-23, 1/2023), NX1000 table (p.7)",https://spxcooling.com,,,,,2.6695,,
NX1015P-1,SPX Cooling Technologies,2.52,3.86,,9.73,1094.6,1094.6,"NX cooling tower engineering data (sea_NX-TS-23, 1/2023), NX1000 table (p.7)",https://spxcooling.com,,,,,2.394,,
NC8402P-1,SPX Cooling Technologies,4.32,2.56,4.5,11.05,,1204.6,pg. 5,https://spxcooling.com/wp-content/uploads/TECH-NC-23.pdf,,,2.13,1.0,2.13,Wet,15.0
NC8403M-1,SPX Cooling Technologies,5.54,2.56,5.01,14.17,,1231.0,pg. 5,https://spxcooling.com/wp-content/uploads/TECH-NC-23.pdf,,,2.13,1.0,2.13,Wet,7.5
NC8405K-1,SPX Cooling Technologies,6.07,3.02,5.01,18.31,,1257.4,pg. 5,https://spxcooling.com/wp-content/uploads/TECH-NC-23.pdf,,,2.74,1.0,2.74,Wet,5.0
NX1020P-1,SPX Cooling Technologies,2.81,4.13,,11.6,1257.3,1257.3,"NX cooling tower engineering data (sea_NX-TS-23, 1/2023), NX1000 table (p.7)",https://spxcooling.com,,,,,2.6695,,
NC8402Q-1,SPX Cooling Technologies,4.32,2.56,4.5,11.05,,1310.1,pg. 5,https://spxcooling.com/wp-content/uploads/TECH-NC-23.pdf,,,2.13,1.0,2.13,Wet,20.0
NC8403N-1,SPX Cooling Technologies,5.54,2.56,5.01,14.17,,1356.3,pg. 5,https://spxcooling.com/wp-content/uploads/TECH-NC-23.pdf,,,2.13,1.0,2.13,Wet,10.0
GT-20 300 Ton,Aggreko,6.1,2.44,2.9,14.88,1318.9,1318.9,Aggreko product page,https://www.aggreko.com/en-us/products/hvac/cooling/cooling-towers/cooling-tower-gt-20-300-ton,,,,,2.318,,
NX1025N-1,SPX Cooling Technologies,3.49,4.5,,15.74,1336.4,1336.4,"NX cooling tower engineering data (sea_NX-TS-23, 1/2023), NX1000 table (p.7)",https://spxcooling.com,,,,,3.3155,,
TMX 1 Cell,Delta Cooling Towers,6.25,2.59,,16.19,,1998.1,TMX series page,https://deltacooling.com/products/cooling-towers/TMX-induced-draft-tower,"Correct, a range of capacity is given in tons.",,,,2.4605,,
NX1020Q-1,SPX Cooling Technologies,2.81,4.13,,11.6,1393.5,1393.5,"NX cooling tower engineering data (sea_NX-TS-23, 1/2023), NX1000 table (p.7)",https://spxcooling.com,,,,,2.6695,,
NC8405M-1,SPX Cooling Technologies,6.07,3.02,5.01,18.31,,1428.8,pg. 5,https://spxcooling.com/wp-content/uploads/TECH-NC-23.pdf,,,2.74,1.0,2.74,Wet,7.5
NC8407K-1,SPX Cooling Technologies,6.4,3.63,5.02,23.21,,1428.8,pg. 7,https://spxcooling.com/wp-content/uploads/TECH-NC-23.pdf,,,3.05,1.0,3.05,Wet,5.0
NC8403P-1,SPX Cooling Technologies,5.54,2.56,5.01,14.17,,1521.1,pg. 5,https://spxcooling.com/wp-content/uploads/TECH-NC-23.pdf,,,2.13,1.0,2.13,Wet,15.0
NX1025P-1,SPX Cooling Technologies,3.49,4.5,,15.74,1481.5,1481.5,"NX cooling tower engineering data (sea_NX-TS-23, 1/2023), NX1000 table (p.7)",https://spxcooling.com,,,,,3.3155,,
AT 214-2H14,Evapco,4.6,4.26,3.93,19.6,1503.5,1503.5,p.13,https://www.evapco.com/sites/evapco.com/files/2025-07/AT25ENG_WEB.pdf,,,,,4.047,,
NC8405N-1,SPX Cooling Technologies,6.07,3.02,5.01,18.31,,1589.3,pg. 5,https://spxcooling.com/wp-content/uploads/TECH-NC-23.pdf,,,2.74,1.0,2.74,Wet,10.0
NX2030P-1,SPX Cooling Technologies,3.47,5.54,,19.23,1560.6,1560.6,p.9,https://spxcooling.com/wp-content/uploads/sea_NX-TS-23.pdf,,,,,3.2965,,
NC8407M-1,SPX Cooling Technologies,6.4,3.63,5.02,23.21,,1637.6,pg. 7,https://spxcooling.com/wp-content/uploads/TECH-NC-23.pdf,,,3.05,1.0,3.05,Wet,7.5
NC8403Q-1,SPX Cooling Technologies,5.54,2.56,5.01,14.17,,1688.1,pg. 5,https://spxcooling.com/wp-content/uploads/TECH-NC-23.pdf,,,2.13,1.0,2.13,Wet,20.0
NX1025Q-1,SPX Cooling Technologies,3.49,4.5,,15.74,1635.4,1635.4,"NX cooling tower engineering data (sea_NX-TS-23, 1/2023), NX1000 table (p.7)",https://spxcooling.com,,,,,3.3155,,
NX2030Q-1,SPX Cooling Technologies,3.47,5.54,,19.23,1710.1,1710.1,p.9,https://spxcooling.com/wp-content/uploads/sea_NX-TS-23.pdf,,,,,3.2965,,
NC8403R-1,SPX Cooling Technologies,5.54,2.56,5.01,14.17,,1787.1,pg. 5,https://spxcooling.com/wp-content/uploads/TECH-NC-23.pdf,,,2.13,1.0,2.13,Wet,25.0
GT-20 400-ton,Aggreko,6.1,2.44,,14.88,1758.8,1758.8,Aggreko product page,https://www.aggreko.com/en-us/products/hvac/cooling/cooling-towers/cooling-tower-gt-20-400-ton,"Correct. 400 refrigerant tons * 3.51685 ~= 1407 kW, 8ft ~= 2.44m",,,,2.318,,
NC8407N-1,SPX Cooling Technologies,6.4,3.63,5.02,23.21,,1800.3,pg. 7,https://spxcooling.com/wp-content/uploads/TECH-NC-23.pdf,,,3.05,1.0,3.05,Wet,10.0
NC8405P-1,SPX Cooling Technologies,6.07,3.02,5.01,18.31,,1809.0,pg. 5,https://spxcooling.com/wp-content/uploads/TECH-NC-23.pdf,,,2.74,1.0,2.74,Wet,15.0
NX2030R-1,SPX Cooling Technologies,3.47,5.54,,19.23,1824.4,1824.4,p.9,https://spxcooling.com/wp-content/uploads/sea_NX-TS-23.pdf,,,,,3.2965,,
NC8409M-1,SPX Cooling Technologies,6.83,4.24,5.02,28.94,,1855.3,pg. 7,https://spxcooling.com/wp-content/uploads/TECH-NC-23.pdf,,,3.66,1.0,3.66,Wet,7.5
NC8403S-1,SPX Cooling Technologies,5.54,2.56,5.01,14.17,,1899.1,pg. 5,https://spxcooling.com/wp-content/uploads/TECH-NC-23.pdf,,,2.13,1.0,2.13,Wet,30.0
NX2030S-1,SPX Cooling Technologies,3.47,5.54,,19.23,1921.1,1921.1,p.9,https://spxcooling.com/wp-content/uploads/sea_NX-TS-23.pdf,,,,,3.2965,,
NC8405Q-1,SPX Cooling Technologies,6.07,3.02,5.01,18.31,,1984.9,pg. 5,https://spxcooling.com/wp-content/uploads/TECH-NC-23.pdf,,,2.74,1.0,2.74,Wet,20.0
NX2040P-1,SPX Cooling Technologies,3.64,5.8,,21.11,1965.0,1965.0,p.9,https://spxcooling.com/wp-content/uploads/sea_NX-TS-23.pdf,,,,,3.458,,
NC8403T-1,SPX Cooling Technologies,5.54,2.56,5.01,14.17,,2044.3,pg. 5,https://spxcooling.com/wp-content/uploads/TECH-NC-23.pdf,,,2.13,1.0,2.13,Wet,40.0
NC8407P-1,SPX Cooling Technologies,6.4,3.63,5.02,23.21,,2053.0,pg. 7,https://spxcooling.com/wp-content/uploads/TECH-NC-23.pdf,,,3.05,1.0,3.05,Wet,15.0
NC8409N-1,SPX Cooling Technologies,6.83,4.24,5.02,28.94,,2046.5,pg. 7,https://spxcooling.com/wp-content/uploads/TECH-NC-23.pdf,,,3.66,1.0,3.66,Wet,10.0
NC8405R-1,SPX Cooling Technologies,6.07,3.02,5.01,18.31,,2110.3,pg. 5,https://spxcooling.com/wp-content/uploads/TECH-NC-23.pdf,,,2.74,1.0,2.74,Wet,25.0
NX2040Q-1,SPX Cooling Technologies,3.64,5.8,,21.11,2158.5,2158.5,p.9,https://spxcooling.com/wp-content/uploads/sea_NX-TS-23.pdf,,,,,3.458,,
NC8405S-1,SPX Cooling Technologies,6.07,3.02,5.01,18.31,,2206.9,pg. 5,https://spxcooling.com/wp-content/uploads/TECH-NC-23.pdf,,,2.74,1.0,2.74,Wet,30.0
NC8407Q-1,SPX Cooling Technologies,6.4,3.63,5.02,23.21,,2226.8,pg. 7,https://spxcooling.com/wp-content/uploads/TECH-NC-23.pdf,,,3.05,1.0,3.05,Wet,20.0
NC8410N-1,SPX Cooling Technologies,6.83,3.63,6.25,24.77,,2242.1,pg. 9,https://spxcooling.com/wp-content/uploads/TECH-NC-23.pdf,,,3.35,1.0,3.35,Wet,10.0
GT-40 500 Ton,Aggreko,12.19,2.44,2.9,29.74,2198.1,2198.1,Aggreko product page,https://www.aggreko.com/en-us/products/hvac/cooling/cooling-towers/cooling-tower-gt-40-500-ton,,,,,2.318,,
GT-20 500-ton,Aggreko,6.1,2.44,,14.88,2198.8,2198.8,Aggreko product page,https://www.aggreko.com/en-us/products/hvac/cooling/cooling-towers/cooling-tower-gt-20-500-ton,,,,,2.318,,
NX2040R-1,SPX Cooling Technologies,3.64,5.8,,21.11,2303.5,2303.5,p.9,https://spxcooling.com/wp-content/uploads/sea_NX-TS-23.pdf,,,,,3.458,,
NC8409P-1,SPX Cooling Technologies,6.83,4.24,5.02,28.94,,2334.4,pg. 7,https://spxcooling.com/wp-content/uploads/TECH-NC-23.pdf,,,3.66,1.0,3.66,Wet,15.0
NC8407R-1,SPX Cooling Technologies,6.4,3.63,5.02,23.21,,2391.5,pg. 7,https://spxcooling.com/wp-content/uploads/TECH-NC-23.pdf,,,3.05,1.0,3.05,Wet,25.0
NC8405T-1,SPX Cooling Technologies,6.07,3.02,5.01,18.31,,2404.8,pg. 5,https://spxcooling.com/wp-content/uploads/TECH-NC-23.pdf,,,2.74,1.0,2.74,Wet,40.0
NC8411N-1,SPX Cooling Technologies,6.83,3.63,7.11,24.77,,2464.1,pg. 9,https://spxcooling.com/wp-content/uploads/TECH-NC-23.pdf,,,3.35,1.0,3.35,Wet,10.0
NX2040S-1,SPX Cooling Technologies,3.64,5.8,,21.11,2426.6,2426.6,p.9,https://spxcooling.com/wp-content/uploads/sea_NX-TS-23.pdf,,,,,3.458,,
NC8407S-1,SPX Cooling Technologies,6.4,3.63,5.02,23.21,,2521.3,pg. 7,https://spxcooling.com/wp-content/uploads/TECH-NC-23.pdf,,,3.05,1.0,3.05,Wet,30.0
NC8405U-1,SPX Cooling Technologies,6.07,3.02,5.01,18.31,,2543.3,pg. 5,https://spxcooling.com/wp-content/uploads/TECH-NC-23.pdf,,,2.74,1.0,2.74,Wet,50.0
NC8410P-1,SPX Cooling Technologies,6.83,3.63,6.25,24.77,,2547.6,pg. 9,https://spxcooling.com/wp-content/uploads/TECH-NC-23.pdf,,,3.35,1.0,3.35,Wet,15.0
NC8409Q-1,SPX Cooling Technologies,6.83,4.24,5.02,28.94,,2563.0,pg. 7,https://spxcooling.com/wp-content/uploads/TECH-NC-23.pdf,,,3.66,1.0,3.66,Wet,20.0
NX2050Q-1,SPX Cooling Technologies,3.9,6.05,,23.56,2532.1,2532.1,p.9,https://spxcooling.com/wp-content/uploads/sea_NX-TS-23.pdf,,,,,3.705,,
GT-40 600 Ton,Aggreko,12.19,2.44,2.9,29.74,2637.8,2637.8,Aggreko product page,https://www.aggreko.com/en-us/products/hvac/cooling/cooling-towers/cooling-tower-gt-40-600-ton,,,,,2.318,,
NC8413N-1,SPX Cooling Technologies,6.83,3.63,8.26,24.77,,2749.9,pg. 11,https://spxcooling.com/wp-content/uploads/TECH-NC-23.pdf,,,3.35,1.0,3.35,Wet,10.0
TMX 2 Cells,Delta Cooling Towers,6.25,5.21,,32.56,,3904.4,TMX series page,https://deltacooling.com/products/cooling-towers/TMX-induced-draft-tower,,,,,4.9495,,
NC8407T-1,SPX Cooling Technologies,6.4,3.63,5.02,23.21,,2749.9,pg. 7,https://spxcooling.com/wp-content/uploads/TECH-NC-23.pdf,,,3.05,1.0,3.05,Wet,40.0
NX2050R-1,SPX Cooling Technologies,3.9,6.05,,23.56,2699.1,2699.1,p.9,https://spxcooling.com/wp-content/uploads/sea_NX-TS-23.pdf,,,,,3.705,,
NC8411P-1,SPX Cooling Technologies,6.83,3.63,7.11,24.77,,2782.9,pg. 9,https://spxcooling.com/wp-content/uploads/TECH-NC-23.pdf,,,3.35,1.0,3.35,Wet,15.0
NC8409R-1,SPX Cooling Technologies,6.83,4.24,5.02,28.94,,2749.9,pg. 7,https://spxcooling.com/wp-content/uploads/TECH-NC-23.pdf,,,3.66,1.0,3.66,Wet,25.0
NC8410Q-1,SPX Cooling Technologies,6.83,3.63,6.25,24.77,,2800.4,pg. 9,https://spxcooling.com/wp-content/uploads/TECH-NC-23.pdf,,,3.35,1.0,3.35,Wet,20.0
NX2060Q-1,SPX Cooling Technologies,4.14,6.3,,26.1,2800.3,2800.3,p.9,https://spxcooling.com/wp-content/uploads/sea_NX-TS-23.pdf,,,,,3.933,,
NX2050S-1,SPX Cooling Technologies,3.9,6.05,,23.56,2839.9,2839.9,p.9,https://spxcooling.com/wp-content/uploads/sea_NX-TS-23.pdf,,,,,3.705,,
NC8409S-1,SPX Cooling Technologies,6.83,4.24,5.02,28.94,,2890.5,pg. 7,https://spxcooling.com/wp-content/uploads/TECH-NC-23.pdf,,,3.66,1.0,3.66,Wet,30.0
AT 214-4M14,Evapco,4.6,4.26,4.54,19.6,2892.6,2892.6,p.13,https://www.evapco.com/sites/evapco.com/files/2025-07/AT25ENG_WEB.pdf,,,,,4.047,,
NC8407U-1,SPX Cooling Technologies,6.4,3.63,5.02,23.21,,2947.6,pg. 7,https://spxcooling.com/wp-content/uploads/TECH-NC-23.pdf,,,3.05,1.0,3.05,Wet,50.0
NC8410R-1,SPX Cooling Technologies,6.83,3.63,6.25,24.77,,2998.3,pg. 9,https://spxcooling.com/wp-content/uploads/TECH-NC-23.pdf,,,3.35,1.0,3.35,Wet,25.0
NC8411Q-1,SPX Cooling Technologies,6.83,3.63,7.11,24.77,,3037.8,pg. 9,https://spxcooling.com/wp-content/uploads/TECH-NC-23.pdf,,,3.35,1.0,3.35,Wet,20.0
NX2060R-1,SPX Cooling Technologies,4.14,6.3,,26.1,2989.4,2989.4,p.9,https://spxcooling.com/wp-content/uploads/sea_NX-TS-23.pdf,,,,,3.933,,
NC8413P-1,SPX Cooling Technologies,6.83,3.63,8.26,24.77,,3110.4,pg. 11,https://spxcooling.com/wp-content/uploads/TECH-NC-23.pdf,,,3.35,1.0,3.35,Wet,15.0
NC8407V-1,SPX Cooling Technologies,6.4,3.63,5.02,23.21,,3079.6,pg. 7,https://spxcooling.com/wp-content/uploads/TECH-NC-23.pdf,,,3.05,1.0,3.05,Wet,60.0
GT-40 700 Ton,Aggreko,12.19,2.44,2.9,29.74,3077.4,3077.4,Aggreko product page,https://www.aggreko.com/en-us/products/hvac/cooling/cooling-towers/cooling-tower-gt-40-700-ton,,,,,2.318,,
NC8412P-1,SPX Cooling Technologies,6.83,4.24,7.11,28.94,,3158.8,pg. 9,https://spxcooling.com/wp-content/uploads/TECH-NC-23.pdf,,,3.66,1.0,3.66,Wet,15.0
NC8410S-1,SPX Cooling Technologies,6.83,3.63,6.25,24.77,,3169.8,pg. 9,https://spxcooling.com/wp-content/uploads/TECH-NC-23.pdf,,,3.35,1.0,3.35,Wet,30.0
NC8409T-1,SPX Cooling Technologies,6.83,4.24,5.02,28.94,,3138.9,pg. 7,https://spxcooling.com/wp-content/uploads/TECH-NC-23.pdf,,,3.66,1.0,3.66,Wet,40.0
NX2060S-1,SPX Cooling Technologies,4.14,6.3,,26.1,3152.0,3152.0,p.9,https://spxcooling.com/wp-content/uploads/sea_NX-TS-23.pdf,,,,,3.933,,
NC8411R-1,SPX Cooling Technologies,6.83,3.63,7.11,24.77,,3248.9,pg. 9,https://spxcooling.com/wp-content/uploads/TECH-NC-23.pdf,,,3.35,1.0,3.35,Wet,25.0
NC8413Q-1,SPX Cooling Technologies,6.83,3.63,8.26,24.77,,3356.5,pg. 11,https://spxcooling.com/wp-content/uploads/TECH-NC-23.pdf,,,3.35,1.0,3.35,Wet,20.0
NC8409U-1,SPX Cooling Technologies,6.83,4.24,5.02,28.94,,3350.0,pg. 7,https://spxcooling.com/wp-content/uploads/TECH-NC-23.pdf,,,3.66,1.0,3.66,Wet,50.0
NC8411S-1,SPX Cooling Technologies,6.83,3.63,7.11,24.77,,3422.5,pg. 9,https://spxcooling.com/wp-content/uploads/TECH-NC-23.pdf,,,3.35,1.0,3.35,Wet,30.0
NC8414P-1,SPX Cooling Technologies,6.83,4.24,8.26,28.94,,3444.5,pg. 11,https://spxcooling.com/wp-content/uploads/TECH-NC-23.pdf,,,3.66,1.0,3.66,Wet,15.0
NC8412Q-1,SPX Cooling Technologies,6.83,4.24,7.11,28.94,,3433.5,pg. 9,https://spxcooling.com/wp-content/uploads/TECH-NC-23.pdf,,,3.66,1.0,3.66,Wet,20.0
NC8410T-1,SPX Cooling Technologies,6.83,3.63,6.25,24.77,,3440.1,pg. 9,https://spxcooling.com/wp-content/uploads/TECH-NC-23.pdf,,,3.35,1.0,3.35,Wet,40.0
NX2060T-1,SPX Cooling Technologies,4.14,6.3,,26.1,3464.1,3464.1,p.9,https://spxcooling.com/wp-content/uploads/sea_NX-TS-23.pdf,,,,,3.933,,
NC8409V-1,SPX Cooling Technologies,6.83,4.24,5.02,28.94,,3503.8,pg. 7,https://spxcooling.com/wp-content/uploads/TECH-NC-23.pdf,,,3.66,1.0,3.66,Wet,60.0
NC8413R-1,SPX Cooling Technologies,6.83,3.63,8.26,24.77,,3596.1,pg. 11,https://spxcooling.com/wp-content/uploads/TECH-NC-23.pdf,,,3.35,1.0,3.35,Wet,25.0
GT-40 800 Ton,Aggreko,12.19,2.44,,29.74,3517.0,3517.0,Aggreko product page,https://www.aggreko.com/en-us/products/hvac/cooling/cooling-towers/cooling-tower-gt-40-800-ton,,,,,2.318,,
NC8410U-1,SPX Cooling Technologies,6.83,3.63,6.25,24.77,,3668.6,pg. 9,https://spxcooling.com/wp-content/uploads/TECH-NC-23.pdf,,,3.35,1.0,3.35,Wet,50.0
NC8412R-1,SPX Cooling Technologies,6.83,4.24,7.11,28.94,,3666.5,pg. 9,https://spxcooling.com/wp-content/uploads/TECH-NC-23.pdf,,,3.66,1.0,3.66,Wet,25.0
NC8411T-1,SPX Cooling Technologies,6.83,3.63,7.11,24.77,,3728.0,pg. 9,https://spxcooling.com/wp-content/uploads/TECH-NC-23.pdf,,,3.35,1.0,3.35,Wet,40.0
NC8414Q-1,SPX Cooling Technologies,6.83,4.24,8.26,28.94,,3743.4,pg. 11,https://spxcooling.com/wp-content/uploads/TECH-NC-23.pdf,,,3.66,1.0,3.66,Wet,20.0
NC8409W-1,SPX Cooling Technologies,6.83,4.24,5.02,28.94,,3686.3,pg. 7,https://spxcooling.com/wp-content/uploads/TECH-NC-23.pdf,,,3.66,1.0,3.66,Wet,75.0
NC8413S-1,SPX Cooling Technologies,6.83,3.63,8.26,24.77,,3789.6,pg. 11,https://spxcooling.com/wp-content/uploads/TECH-NC-23.pdf,,,3.35,1.0,3.35,Wet,30.0
NC8410V-1,SPX Cooling Technologies,6.83,3.63,6.25,24.77,,3853.4,pg. 9,https://spxcooling.com/wp-content/uploads/TECH-NC-23.pdf,,,3.35,1.0,3.35,Wet,60.0
NC8412S-1,SPX Cooling Technologies,6.83,4.24,7.11,28.94,,3868.8,pg. 9,https://spxcooling.com/wp-content/uploads/TECH-NC-23.pdf,,,3.66,1.0,3.66,Wet,30.0
NC8411U-1,SPX Cooling Technologies,6.83,3.63,7.11,24.77,,3978.6,pg. 9,https://spxcooling.com/wp-content/uploads/TECH-NC-23.pdf,,,3.35,1.0,3.35,Wet,50.0
NC8414R-1,SPX Cooling Technologies,6.83,4.24,8.26,28.94,,3991.8,pg. 11,https://spxcooling.com/wp-content/uploads/TECH-NC-23.pdf,,,3.66,1.0,3.66,Wet,25.0
NC8410W-1,SPX Cooling Technologies,6.83,3.63,6.25,24.77,,4022.6,pg. 9,https://spxcooling.com/wp-content/uploads/TECH-NC-23.pdf,,,3.35,1.0,3.35,Wet,75.0
NC8413T-1,SPX Cooling Technologies,6.83,3.63,8.26,24.77,,4121.5,pg. 11,https://spxcooling.com/wp-content/uploads/TECH-NC-23.pdf,,,3.35,1.0,3.35,Wet,40.0
NC8414S-1,SPX Cooling Technologies,6.83,4.24,8.26,28.94,,4202.9,pg. 11,https://spxcooling.com/wp-content/uploads/TECH-NC-23.pdf,,,3.66,1.0,3.66,Wet,30.0
NC8411V-1,SPX Cooling Technologies,6.83,3.63,7.11,24.77,,4205.0,pg. 9,https://spxcooling.com/wp-content/uploads/TECH-NC-23.pdf,,,3.35,1.0,3.35,Wet,60.0
NC8412T-1,SPX Cooling Technologies,6.83,4.24,7.11,28.94,,4216.0,pg. 9,https://spxcooling.com/wp-content/uploads/TECH-NC-23.pdf,,,3.66,1.0,3.66,Wet,40.0
NC8413U-1,SPX Cooling Technologies,6.83,3.63,8.26,24.77,,4361.1,pg. 11,https://spxcooling.com/wp-content/uploads/TECH-NC-23.pdf,,,3.35,1.0,3.35,Wet,50.0
NC8411W-1,SPX Cooling Technologies,6.83,3.63,7.11,24.77,,4453.4,pg. 9,https://spxcooling.com/wp-content/uploads/TECH-NC-23.pdf,,,3.35,1.0,3.35,Wet,75.0
GT-40 1000-ton,Aggreko,12.19,2.44,,29.74,4396.3,4396.3,Aggreko product page,https://www.aggreko.com/en-us/products/hvac/cooling/cooling-towers/cooling-tower-gt-40-1000-ton,,,,,2.318,,
NC8412U-1,SPX Cooling Technologies,6.83,4.24,7.11,28.94,,4497.4,pg. 9,https://spxcooling.com/wp-content/uploads/TECH-NC-23.pdf,,,3.66,1.0,3.66,Wet,50.0
NC8414T-1,SPX Cooling Technologies,6.83,4.24,8.26,28.94,,4591.9,pg. 11,https://spxcooling.com/wp-content/uploads/TECH-NC-23.pdf,,,3.66,1.0,3.66,Wet,40.0
NC8413V-1,SPX Cooling Technologies,6.83,3.63,8.26,24.77,,4589.6,pg. 11,https://spxcooling.com/wp-content/uploads/TECH-NC-23.pdf,,,3.35,1.0,3.35,Wet,60.0
TMX 3 Cells,Delta Cooling Towers,6.25,7.86,,49.13,,6045.0,TMX series page,https://deltacooling.com/products/cooling-towers/TMX-induced-draft-tower,,,,,5.9375,,
NC8412V-1,SPX Cooling Technologies,6.83,4.24,7.11,28.94,,4734.8,pg. 9,https://spxcooling.com/wp-content/uploads/TECH-NC-23.pdf,,,3.66,1.0,3.66,Wet,60.0
NC8413W-1,SPX Cooling Technologies,6.83,3.63,8.26,24.77,,4864.5,pg. 11,https://spxcooling.com/wp-content/uploads/TECH-NC-23.pdf,,,3.35,1.0,3.35,Wet,75.0
NC8414U-1,SPX Cooling Technologies,6.83,4.24,8.26,28.94,,4972.1,pg. 11,https://spxcooling.com/wp-content/uploads/TECH-NC-23.pdf,,,3.66,1.0,3.66,Wet,50.0
NC8412W-1,SPX Cooling Technologies,6.83,4.24,7.11,28.94,,5055.8,pg. 9,https://spxcooling.com/wp-content/uploads/TECH-NC-23.pdf,,,3.66,1.0,3.66,Wet,75.0
NC8413X-1,SPX Cooling Technologies,6.83,3.63,8.26,24.77,,5205.1,pg. 11,https://spxcooling.com/wp-content/uploads/TECH-NC-23.pdf,,,3.35,1.0,3.35,Wet,100.0
NC8414V-1,SPX Cooling Technologies,6.83,4.24,8.26,28.94,,5207.4,pg. 11,https://spxcooling.com/wp-content/uploads/TECH-NC-23.pdf,,,3.66,1.0,3.66,Wet,60.0
NC8412X-1,SPX Cooling Technologies,6.83,4.24,7.11,28.94,,5398.6,pg. 9,https://spxcooling.com/wp-content/uploads/TECH-NC-23.pdf,,,3.66,1.0,3.66,Wet,100.0
NC8414W-1,SPX Cooling Technologies,6.83,4.24,8.26,28.94,,5526.1,pg. 11,https://spxcooling.com/wp-content/uploads/TECH-NC-23.pdf,,,3.66,1.0,3.66,Wet,75.0
NC8414X-1,SPX Cooling Technologies,6.83,4.24,8.26,28.94,,5847.0,pg. 11,https://spxcooling.com/wp-content/uploads/TECH-NC-23.pdf,,,3.66,1.0,3.66,Wet,100.0
NC8422R-1,SPX Cooling Technologies,9.09,6.83,8.26,62.13,5763.5,5763.5,pg. 12,https://spxcooling.com/wp-content/uploads/TECH-NC-23.pdf,,,5.79,1.0,5.79,Wet,25.0
TMX 4 Cells,Delta Cooling Towers,6.25,10.45,,65.31,,7923.8,TMX series page,https://deltacooling.com/products/cooling-towers/TMX-induced-draft-tower,,,,,5.9375,,
NC8422S-1,SPX Cooling Technologies,9.09,6.83,8.26,62.13,6080.0,6080.0,pg. 12,https://spxcooling.com/wp-content/uploads/TECH-NC-23.pdf,,,5.79,1.0,5.79,Wet,30.0
NC8414Y-1,SPX Cooling Technologies,6.83,4.24,8.26,28.94,,6346.0,pg. 11,https://spxcooling.com/wp-content/uploads/TECH-NC-23.pdf,,,3.66,1.0,3.66,Wet,125.0
NC8422T-1,SPX Cooling Technologies,9.09,6.83,8.26,62.13,6550.4,6550.4,pg. 12,https://spxcooling.com/wp-content/uploads/TECH-NC-23.pdf,,,5.79,1.0,5.79,Wet,40.0
NC8422U-1,SPX Cooling Technologies,9.09,6.83,8.26,62.13,7012.0,7012.0,pg. 12,https://spxcooling.com/wp-content/uploads/TECH-NC-23.pdf,,,5.79,1.0,5.79,Wet,50.0
TMX 5 Cells,Delta Cooling Towers,6.25,13.08,,81.75,,9693.8,TMX series page,https://deltacooling.com/products/cooling-towers/TMX-induced-draft-tower,,,,,5.9375,,
NC8422V-1,SPX Cooling Technologies,9.09,6.83,8.26,62.13,7420.9,7420.9,pg. 12,https://spxcooling.com/wp-content/uploads/TECH-NC-23.pdf,,,5.79,1.0,5.79,Wet,60.0
NC8422W-1,SPX Cooling Technologies,9.09,6.83,8.26,62.13,7957.3,7957.3,pg. 12,https://spxcooling.com/wp-content/uploads/TECH-NC-23.pdf,,,5.79,1.0,5.79,Wet,75.0
TMX 6 Cells,Delta Cooling Towers,6.25,15.7,,98.13,,11417.5,TMX series page,https://deltacooling.com/products/cooling-towers/TMX-induced-draft-tower,,,,,5.9375,,
NC8422X-1,SPX Cooling Technologies,9.09,6.83,8.26,62.13,8647.4,8647.4,pg. 12,https://spxcooling.com/wp-content/uploads/TECH-NC-23.pdf,,,5.79,1.0,5.79,Wet,100.0
AT 214-5K52,Evapco,15.75,4.25,6.79,66.93,8664.6,8664.6,p.73,https://www.evapco.com/sites/evapco.com/files/2025-07/AT25ENG_WEB.pdf,,,,,4.0375,,
NC8422Y-1,SPX Cooling Technologies,9.09,6.83,8.26,62.13,9144.3,9144.3,pg. 12,https://spxcooling.com/wp-content/uploads/TECH-NC-23.pdf,,,5.79,1.0,5.79,Wet,125.0
NC8422Z-1,SPX Cooling Technologies,9.09,6.83,8.26,62.13,9623.4,9623.4,pg. 12,https://spxcooling.com/wp-content/uploads/TECH-NC-23.pdf,,,5.79,1.0,5.79,Wet,150.0
AT 214-5O52,Evapco,15.75,4.25,6.79,66.93,11526.5,11526.5,p.73,https://www.evapco.com/sites/evapco.com/files/2025-07/AT25ENG_WEB.pdf,,,,,4.0375,,
AT 314-5K78,Evapco,23.66,4.25,6.79,100.53,12906.8,12906.9,p.74,https://www.evapco.com/sites/evapco.com/files/2025-07/AT25ENG_WEB.pdf,,,,,4.0375,,
AT 456-5K26,Evapco,17.38,7.85,6.79,136.38,16713.8,16713.9,p.77,https://www.evapco.com/sites/evapco.com/files/2025-07/AT25ENG_WEB.pdf,,,,,7.4575,,
AT 314-5O78,Evapco,23.66,4.25,6.79,100.53,17179.8,17179.8,p.74,https://www.evapco.com/sites/evapco.com/files/2025-07/AT25ENG_WEB.pdf,,,,,4.0375,,
AT 456-5O26,Evapco,17.38,7.85,6.79,136.38,22310.0,22310.0,p.77,https://www.evapco.com/sites/evapco.com/files/2025-07/AT25ENG_WEB.pdf,,,,,7.4575,,
CT10000 (per cell),Aggreko,4.06,2.44,4.18,9.9064,3333.33,3333.33,Aggreko product page,https://www.aggreko.com/en/products/hvac/cooling/cooling-towers/cooling-tower-10000-kw,,Packaged in 40 ft container frame; forced draft counterflow; variable speed fan drive,,1.0,2.318,Wet,
TM 6 Cell (per cell),Delta Cooling Towers,5.03,2.59,5.03,13.03,,1370.0,Delta Cooling product page,https://deltacooling.com/products/cooling-towers/tm-series-induced-draft-towers,,Induced draft counterflow; HDPE construction; 20-year shell warranty,,1.0,2.4605,Wet,90.0
AT 124-5T30-EV,Evapco,9.14,7.32,9.702,66.9,10677.884,10677.884,p.6,https://www.evapco.com/sites/evapco.com/files/2024-04/ATLS24MRKT.pdf,,2386 nominal tons per cell; counterflow induced draft; stainless steel construction; basin 24ft x 30ft,,1.0,6.954,Wet,150.0
MD 5030,SPX Cooling Technologies,11.0,11.0,,121.0,16676.0,16676.0,p.7,https://spxcooling.com/wp-content/uploads/MDE-26.pdf,,3790 tons max capacity; counterflow; preassembled modules; CTI certified,,1.0,10.45,Wet,
